task_id,client_name
868jceudq,Amazing Signs
868hwu7uy,QC Signs
868jc0zxe,QC Signs
868jh9f02,Caliber Signs & Imaging
868jexe3w,Vital Sign Solutions
868jcc0fz,First Impression Signs
868jgztay,First Impression Signs
868j85r0b,First Impression Signs
868jkkuja,First Impression Signs
868j65ytv,Graphicworks Sign Company
868j82p3b,InceptionPoint Signworks
868j81v8c,InceptionPoint Signworks
868hr2gab,Indy Sign Factory
868jc16hh,QC Signs
868jc1bq4,Saltwater Signworks
868j96nry,Sign Resources NC Inc.
868j96nt8,Sign Resources NC Inc.
868jc1bnp,Saltwater Signworks
868jc16ac,SKY Custom Signs
868jc169u,SKY Custom Signs
868j8t1rq,SpeedPro - Boston North
868j854ce,SpeedPro - Dallas
868j854bk,SpeedPro - Fort Worth
868je9hkv,SpeedPro - Fort Worth West
868hwkuvu,SpeedPro - Lake County
868jc1btg,SSK Signs
868jc1buu,SSK Signs
868jc1c44,SSK Signs
868j96nv8,Total SignWorks Ltd
868j96nv1,Total SignWorks Ltd
868j85f8m,Touchstone Signs and Graphics
868jaynku,Vibrant Sign Studio
868j856g1,SpeedPro -  Dayton
868j856ua,SpeedPro - Columbus
868jkm04u,"LGL Sign Company, LLC"
868jceug9,City Beautiful Signs and Graphics
868hxw3wa,Northeast Sign Company
868hybn70,Victory Sign Company
868jceuh0,Elite Custom Signs
868jceuhd,Envision Orlando
868jceuj6,Excel SignWorks
868jceujp,First Impression Signs
868jceum7,Fresh Coast Signs | Muskegon Signs
868jceumq,Genesis Signs & Graphics
868jceun0,Georgetown Signs
868jceun8,Graphicworks Sign Company
868jceunk,GSO Signs (Greensboro)
868jceup2,Horizon Sign Solutions
868jceupv,InceptionPoint Signworks
868jceut7,"LGL Sign Company, LLC"
868jceutj,Lighthouse Sign Co.
868jceuvb,Northeast Sign Company
868jceuw3,OC Sign Group
868jceuwe,"Pacesetter Signs & Graphics, Inc"
868jceuxk,Pure Image Signs and Graphics
868jceuz5,Redheaded Sign Company
868jcev07,Sign Resources NC Inc.
868jcev3w,SpeedPro - Columbus
868jcev4a,SpeedPro - Dallas
868jcev4q,SpeedPro -  Dayton
868jcev57,SpeedPro - Fort Worth
868jcev5g,SpeedPro - Fort Worth West
868jcev6n,SpeedPro - Orlando
868jcev77,SSK Signs
868jcev8u,Vibrant Sign Studio
868jceva4,Windy City Signs and Graphics
868jcevan,3 Sixty Sign Solutions
868jcevax,99signs
868jceudt,Baltimore Signsmiths
868jceuev,Boston Signs and Graphics
868jceufd,Captivating Signs
868jceugh,Clarity Signworks Inc
868jceukc,Forerunner Signs & Graphics
868jceupc,ImageTEK Signs and Graphics LLC
868jceuq2,Indy Sign Factory
868jceur3,Jacksonville Signs & Graphics
868jceurb,Kingdom Signs and Graphics
868jceurk,Langstaff & Sloan Inc.
868jceutu,Louisville Custom Signs
868jceuub,Madison Sign Studios
868jceuwt,Paragon Signs and Graphics
868jceuyg,Quad City
868jmpcuc,Amazing Signs
868jmpdqj,Amazing Signs
868jceuup,Majestic Sign Studio
868jcev0q,SignScapes
868jcev89,Total SignWorks Ltd
868hw5mcy,Vibrant Sign Studio
868jc167z,SKY Custom Signs
868jc1696,SKY Custom Signs
868jceuy1,QC Signs
868jcev7h,Super Custom Sign
868jcev7w,Toronto Custom Signs
868jmpwak,Excel SignWorks
868jmpwp0,Excel SignWorks
868jmrurb,Fresh Coast Signs | Muskegon Signs
868jmruz6,Fresh Coast Signs | Muskegon Signs
868jmtqq5,Georgetown Signs
868jmtqr4,Georgetown Signs
868jcev14,SKY Custom Signs
868jcev8p,Touchstone Signs and Graphics
868jmu04x,Pure Image Signs and Graphics
868jmtrcm,Major League Signs (Miami Signs)
868j0vf0k,SpeedPro - Chicago Loop
868jmu4cd,QC Signs
868jmu4ct,QC Signs
868jn2t50,SpeedPro - Boston North
868jhn672,Amazing Signs
868jgez5m,Caliber Signs & Imaging
868jgez67,Envision Orlando
868jgez6f,Georgetown Signs
868jgez7v,QC Signs
868jgez95,SSK Signs
868jrp5ck,Graphicworks Sign Company
868jt9zme,Windy City Signs and Graphics
868jkp382,Horizon Sign Solutions
868jmtak5,Horizon Sign Solutions
868jn5415,Quad City
868hxeed5,GSO Signs (Greensboro)
868hxebrt,GSO Signs (Greensboro)
868jkp1ez,City Beautiful Signs and Graphics
868jmytqr,City Beautiful Signs and Graphics
868jmytqy,City Beautiful Signs and Graphics
868jmu5ay,Quad City
868jmu5bj,Quad City
868jmyty5,Sign Resources NC Inc.
868jceudn,All American Signs and Graphics
868jmqepr,Sign Resources NC Inc.
868jpwmr4,All American Signs and Graphics
868jpwn1g,All American Signs and Graphics
868jmyp4r,SpeedPro - Fort Worth West
868jmpkvx,Envision Orlando
868jmyud3,Envision Orlando
868fkwezz,Toronto Digital Marketing Agency
868fkwezg,Toronto Digital Marketing Agency
868fkwf0b,Toronto Digital Marketing Agency
868jta5u3,Majestic Sign Studio
868jmyp5d,Touchstone Signs and Graphics
868jkp32d,First Impression Signs
868jkp2uj,First Impression Signs
868jmyp5n,Touchstone Signs and Graphics
868j2c7b5,City Beautiful Signs and Graphics
868hjnd92,SpeedPro - Fort Worth West
868hhuz73,SpeedPro - Columbus
868h3v5ex,SpeedPro - Columbus
868h4zmrx,"LGL Sign Company, LLC"
868h4zmrz,"LGL Sign Company, LLC"
868hhumb3,Lighthouse Sign Co.
868h4zmqq,Lighthouse Sign Co.
868h3ez20,InceptionPoint Signworks
868h3ez1y,InceptionPoint Signworks
868hhum00,Horizon Sign Solutions
868hhum0r,Horizon Sign Solutions
868h4z6pb,Graphicworks Sign Company
868hhum5w,InceptionPoint Signworks
868hrnzxv,Lighthouse Sign Co.
868j6xhjd,Lighthouse Sign Co.
868j6xnt8,Lighthouse Sign Co.
868j7062y,SpeedPro - Columbus
868j7027h,SpeedPro -  Dayton
868j70j9g,SpeedPro - Dallas
868hu7jqh,SpeedPro - Fort Worth West
868hu6w9f,Touchstone Signs and Graphics
868j74d6p,InceptionPoint Signworks
868j72je7,SpeedPro - Fort Worth
868j6h8mz,SpeedPro - Fort Worth West
868j7bmjk,First Impression Signs
868grax4h,SpeedPro - Fort Worth West
868hjwa0b,"LGL Sign Company, LLC"
868hhurb5,"LGL Sign Company, LLC"
868hhukwn,Graphicworks Sign Company
868h4zmxn,SpeedPro - Fort Worth West
868gd3k5t,SpeedPro - Dallas
868gd3kqf,SpeedPro - Lake County
868hhurq9,SpeedPro - Dallas
868hwq8wb,City Beautiful Signs and Graphics
868hw5bmp,City Beautiful Signs and Graphics
868jdk5za,Graphicworks Sign Company
868h4zn2c,SpeedPro - Fort Worth West
868hbvuh8,City Beautiful Signs and Graphics
868hwkud4,Touchstone Signs and Graphics
868hwkucj,Touchstone Signs and Graphics
868hhuyyc,Touchstone Signs and Graphics
868j6xyj5,City Beautiful Signs and Graphics
868jggz89,City Beautiful Signs and Graphics
868jgjbzw,Horizon Sign Solutions
868jgjwxe,Horizon Sign Solutions
868jgnawu,"LGL Sign Company, LLC"
868jhd5y6,First Impression Signs
868jhdyzq,Lighthouse Sign Co.
868jhe3k6,Lighthouse Sign Co.
868hw5cry,"LGL Sign Company, LLC"
868jhnbfn,Touchstone Signs and Graphics
868hw5bmm,City Beautiful Signs and Graphics
868fdqxnn,SpeedPro - Dallas
868jjddz5,"LGL Sign Company, LLC"
868jjhmjq,SpeedPro - Dallas
868jjj30m,SpeedPro - Dallas
868hhuku7,First Impression Signs
868hw5buw,First Impression Signs
868hw5dpv,SpeedPro - Lake County
868jkhtuh,First Impression Signs
868jkhz97,SpeedPro -  Dayton
868jkk8n9,SpeedPro - Columbus
868jknze7,Horizon Sign Solutions
868fc0z8w,SpeedPro - Fort Worth
868jkqrq3,SpeedPro - Fort Worth
868jkr0vn,SpeedPro - Fort Worth West
868jkv6tr,Graphicworks Sign Company
868hw5c93,Horizon Sign Solutions
868jmn84k,City Beautiful Signs and Graphics
868jmny43,City Beautiful Signs and Graphics
868jkrhfv,SpeedPro - Lake County
868hhknge,"LGL Sign Company, LLC"
868j1x1n9,"LGL Sign Company, LLC"
868h285fd,SpeedPro -  Dayton
868jmmc82,InceptionPoint Signworks
868jnmwcd,InceptionPoint Signworks
868hw5d85,SpeedPro - Fort Worth
868hw5d86,SpeedPro - Fort Worth
868hw5d88,SpeedPro - Dallas
868hw5d87,SpeedPro - Dallas
868j8t1mg,Lighthouse Sign Co.
868j85436,Lighthouse Sign Co.
868j8540w,Lighthouse Sign Co.
868hw5ccr,InceptionPoint Signworks
868hw5ccq,InceptionPoint Signworks
868hw5c96,Horizon Sign Solutions
868hw5c4j,Graphicworks Sign Company
868hw5c92,Horizon Sign Solutions
868hw5c4e,Graphicworks Sign Company
868hw5c4b,Graphicworks Sign Company
868jggk1k,City Beautiful Signs and Graphics
868hhukw7,Graphicworks Sign Company
868hhuz5r,SpeedPro -  Dayton
868ha89v1,SpeedPro - Fort Worth
868hu6ua9,"LGL Sign Company, LLC"
868hu6w4w,Touchstone Signs and Graphics
868htkav9,Touchstone Signs and Graphics
868ju1r9m,Graphicworks Sign Company
868ju2rtv,Graphicworks Sign Company
868hw5crx,"LGL Sign Company, LLC"
868jdmndu,Graphicworks Sign Company
868hw5mf4,SpeedPro -  Dayton
868hu6ubp,"LGL Sign Company, LLC"
868juvfgr,"LGL Sign Company, LLC"
868juw71b,"LGL Sign Company, LLC"
868h4zn56,SpeedPro - Lake County
868hwkutz,SpeedPro - Fort Worth West
868jwm5xt,City Beautiful Signs and Graphics
868hw5cj9,Lighthouse Sign Co.
868jwdwre,City Beautiful Signs and Graphics
868jwz9k0,City Beautiful Signs and Graphics
868jwza2q,City Beautiful Signs and Graphics
868jwza91,City Beautiful Signs and Graphics
868jwzb1r,City Beautiful Signs and Graphics
868jwzdrv,City Beautiful Signs and Graphics
868hc2qjx,SpeedPro - Lake County
868jwzz8w,SpeedPro - Lake County
868hw5mjq,SpeedPro - Columbus
868h28rnn,SpeedPro - Columbus
868j8587a,InceptionPoint Signworks
868guj4xw,Baltimore Signsmiths
868guj4zd,Captivating Signs
868guj54g,InceptionPoint Signworks
868guj5fm,Touchstone Signs and Graphics
868guj5b8,Southlake Signs Tampa
868guj5a4,Signary Custom Signs and Graphics
868guj57k,Paragon Signs and Graphics
868guj4w4,3 Sixty Sign Solutions
868guj4y5,Blackfire Signs
868guj4yt,Boston Signs and Graphics
868guj53q,Graphicworks Sign Company
868guj55d,Kingdom Signs and Graphics
868guj55j,Langstaff & Sloan Inc.
868guj55z,Lighthouse Sign Co.
868guj56j,Madison Sign Studios
868guj5cb,SpeedPro - Boston North
868h78nyc,SpeedPro - Columbus
868h78mzy,SpeedPro -  Dayton
868guj541,Horizon Sign Solutions
868guj5ag,Signs Unlimited
868guj5d6,SpeedPro - Fort Worth West
868guj566,Louisville Custom Signs
868guj5ck,SpeedPro - Dallas
868guj52e,First Impression Signs
868favweu,Baltimore Signsmiths
868favwex,Blackfire Signs
868favwea,All American Signs and Graphics
868favwfc,Boston Signs and Graphics
868favwfz,Captivating Signs
868favwgf,City Beautiful Signs and Graphics
868fp9u2y,Graphicworks Sign Company
868favwmb,Kingdom Signs and Graphics
868favwmh,Langstaff & Sloan Inc.
868h71zfv,SpeedPro - Lake County
868favwmw,Lighthouse Sign Co.
868favwn0,Louisville Custom Signs
868favwn5,Madison Sign Studios
868hayhg8,Paragon Signs and Graphics
868favwr1,Signs Unlimited
868h6prmm,SpeedPro - Columbus
868h6pr8j,SpeedPro -  Dayton
868favwtn,SpeedPro - Fort Worth
868fc8ceq,SpeedPro - Fort Worth West
868h6prgu,SpeedPro - Lake County
868favwv7,Touchstone Signs and Graphics
868favwwe,Vital Sign Solutions
868hayhqj,SpeedPro - Chicago Loop
868favwka,InceptionPoint Signworks
868favwmt,"LGL Sign Company, LLC"
868h931ru,SpeedPro -  Dayton
868h92wwk,Touchstone Signs and Graphics
868hayj36,Windy City Signs and Graphics
868favwwj,VizComm Signage Group
868hayhx2,Street Style Sign Studio
868hayhw1,SpeedPro - Orlando
868favwhc,First Impression Signs
868favwt7,SpeedPro - Boca Raton
868hn71c2,All American Signs and Graphics
868favwe5,99signs
868hn71ja,First Impression Signs
868favwe1,3 Sixty Sign Solutions
868hn71fv,City Beautiful Signs and Graphics
868favwrj,Southlake Signs Tampa
868hn71bv,99signs
868hn71cx,Baltimore Signsmiths
868hn71dg,Blackfire Signs
868hn71q3,"LGL Sign Company, LLC"
868hn71px,Langstaff & Sloan Inc.
868hn72kx,Vital Sign Solutions
868hn71e6,Boston Signs and Graphics
868hn71f5,Captivating Signs
868hn71ma,Graphicworks Sign Company
868hn71nb,InceptionPoint Signworks
868hn71pk,Kingdom Signs and Graphics
868hn71qb,Lighthouse Sign Co.
868hn71qq,Louisville Custom Signs
868hn71r3,Madison Sign Studios
868hn71tz,Paragon Signs and Graphics
868hn71x1,Signs Unlimited
868hn7200,Southlake Signs Tampa
868hn724e,SpeedPro - Chicago Loop
868hn725d,SpeedPro - Columbus
868hn726k,SpeedPro - Dallas
868hn727p,SpeedPro -  Dayton
868hn71bm,3 Sixty Sign Solutions
868hn728p,SpeedPro - Fort Worth
868hn729m,SpeedPro - Fort Worth West
868hn72bf,SpeedPro - Lake County
868hn72jr,Touchstone Signs and Graphics
868hn72c9,SpeedPro - Orlando
868hn72d5,SpeedPro - Raleigh Clayton
868hn72ge,Toronto Custom Signs
868hn72fn,Super Custom Sign
868gjv3wm,SpeedPro - Chicago Loop
868j0veg7,First Impression Signs
868j0vedw,Boston Signs and Graphics
868j0vebx,99signs
868j0vec5,All American Signs and Graphics
868j0ved6,Blackfire Signs
868j0vejd,Graphicworks Sign Company
868j0ven0,"LGL Sign Company, LLC"
868j0vek2,InceptionPoint Signworks
868j0vf1n,SpeedPro - Dallas
868j0vf3x,SpeedPro - Lake County
868j0vf2b,SpeedPro - Fort Worth
868j0vf1y,SpeedPro -  Dayton
868j0vf2w,SpeedPro - Fort Worth West
868j0vf17,SpeedPro - Columbus
868j0vf9x,Vital Sign Solutions
868j0vebu,3 Sixty Sign Solutions
868j0veen,Captivating Signs
868j0vef5,City Beautiful Signs and Graphics
868j0venq,Louisville Custom Signs
868j0vemm,Langstaff & Sloan Inc.
868j0vena,Lighthouse Sign Co.
868j0vep9,Madison Sign Studios
868j0vecx,Baltimore Signsmiths
868j0verf,Paragon Signs and Graphics
868j0vewd,Signs Unlimited
868j0veyu,SpeedPro - Addison
868j0vezn,SpeedPro - Boca Raton
868j0vez7,SpeedPro - Blountville
868j0vema,Kingdom Signs and Graphics
868j0vf0a,SpeedPro - Boston North
868j0vf3b,SpeedPro - Greater San Diego
868j0vexz,Southlake Signs Tampa
868j0vf5y,Super Custom Sign
868j0vf6e,Toronto Custom Signs
868j0vf7w,Touchstone Signs and Graphics
868j6n2r4,Clarity Signworks Inc
868j0vf2z,SpeedPro - Fort Worth
868j0vf3j,SpeedPro - Fort Worth West
868j0vf74,Toronto Custom Signs
868j0vf9m,Touchstone Signs and Graphics
868jcev0d,Signs Unlimited
868jcev1h,Southlake Signs Tampa
868jcev1x,SpeedPro - Addison
868jcev2c,SpeedPro - Blountville
868jcev2q,SpeedPro - Boca Raton
868jcev2y,SpeedPro - Boston North
868jcev5u,SpeedPro - Greater San Diego
868jcev97,Vital Sign Solutions
868jcev6u,SpeedPro - Raleigh Clayton
868jcev67,SpeedPro - Lake County
868jceutd,Langstaff & Sloan Inc.
868haygf8,All American Signs and Graphics
868fu4d8d,Louisville Custom Signs
868fu4n5e,Louisville Custom Signs
868gaj78u,Louisville Custom Signs
868e9ka1g,Louisville Custom Signs
868g0106v,Vital Sign Solutions
868g00ztx,Captivating Signs
868g00zue,Captivating Signs
868e9k9w7,Louisville Custom Signs
868h1kqy0,Horizon Sign Solutions
868g070pb,Horizon Sign Solutions
868g0713e,"LGL Sign Company, LLC"
868gv14nh,Priority Signs & Graphics
868g071ev,SpeedPro - Fort Worth
868gef33a,Forerunner Signs & Graphics
868h29h9n,Global Signs & Graphics
868h29h9j,Global Signs & Graphics
868gjmjbe,Artisan Signworks
868gjmf0j,Artisan Signworks
868gahjwj,Louisville Custom Signs
868gmufgt,Louisville Custom Signs
868gmukxc,Louisville Custom Signs
868gne3vj,Baltimore Signsmiths
868h2ca6p,Boston Signs and Graphics
868gnp7q4,Signs Unlimited
868gmt5b6,Langstaff & Sloan Inc.
868gqcad1,Southlake Signs Tampa
868gqcacp,Southlake Signs Tampa
868gnpggc,Signs Unlimited
868gqc9qc,3 Sixty Sign Solutions
868gqc9p9,3 Sixty Sign Solutions
868gqc9vt,Blackfire Signs
868hefcfn,Artisan Signworks
868fjjnp7,Total SignWorks Ltd
868g0066b,Total SignWorks Ltd
868gnef36,Boston Signs and Graphics
868gmvwep,Victory Sign Company
868hfkk4c,Madison Sign Studios
868gndg6u,Paragon Signs and Graphics
868gnd3hp,Paragon Signs and Graphics
868gncxzt,Paragon Signs and Graphics
868gqcaav,Signary Custom Signs and Graphics
868hfgebh,Madison Sign Studios
868gqc9p0,3 Sixty Sign Solutions
868gqc9w0,Blackfire Signs
868gtt9h4,Vital Sign Solutions
868gqc9tw,Blackfire Signs
868gqcagx,Vital Sign Solutions
868gruqtt,Captivating Signs
868hf0mwt,Captivating Signs
868hf0tau,Captivating Signs
868gqc9ym,Captivating Signs
868h0j5uz,3 Sixty Sign Solutions
868j1g2n1,Southlake Signs Tampa
868h0j6u0,Vital Sign Solutions
868h0j6tn,Vital Sign Solutions
868j1g2n3,Southlake Signs Tampa
868j1g2n5,Southlake Signs Tampa
868hh5a7k,Southlake Signs Tampa
868hh5a3p,Paragon Signs and Graphics
868hh5aa2,Vital Sign Solutions
868hh5aad,Vital Sign Solutions
868hh5aay,Vital Sign Solutions
868h29n33,Global Signs & Graphics
868h29n37,Global Signs & Graphics
868hh59tw,Blackfire Signs
868hh59uz,Blackfire Signs
868hh59va,Blackfire Signs
868gan223,Victory Sign Company
868hh5vne,Victory Sign Company
868hkv5rg,Blackfire Signs
868h0j6g3,Louisville Custom Signs
868hkg1x2,Boston Signs and Graphics
868h0j6at,Captivating Signs
868hwkuxm,Captivating Signs
868hwkuy9,Captivating Signs
868h0j67u,Boston Signs and Graphics
868h0j68g,Boston Signs and Graphics
868hh5vb3,Boston Signs and Graphics
868j89g8m,Langstaff & Sloan Inc.
868hm0bhe,Captivating Signs
868hh50t5,Amazing Signs
868h3enq5,Amazing Signs
868gah2kv,Langstaff & Sloan Inc.
868h02u3v,Langstaff & Sloan Inc.
868h0314f,Langstaff & Sloan Inc.
868hw5n3n,Blackfire Signs
868hw5n48,Blackfire Signs
868h0j5xq,99signs
868hwr72d,SignScapes
868hwr6zu,SignScapes
868h0j6hz,Madison Sign Studios
868hh5vfm,Madison Sign Studios
868hh5vhq,Madison Sign Studios
868hh5veu,Louisville Custom Signs
868hzhv2a,Louisville Custom Signs
868j96n97,Elite Custom Signs
868hx2pf6,Elite Custom Signs
868j96n9g,Elite Custom Signs
868exgeqp,Louisville Custom Signs
868fu4xur,Louisville Custom Signs
868h29dfv,Global Signs & Graphics
868hw5mun,Artisan Signworks
868h0j61g,Artisan Signworks
868h0j611,Artisan Signworks
868hzhv32,Louisville Custom Signs
868eem2gb,Envision Orlando
868eem2gd,Envision Orlando
868fzrxu6,Saltwater Signworks
868g0rdzp,Major League Signs (Miami Signs)
868gacknp,Captivating Signs
868gackp4,Captivating Signs
868gcapfk,Signary Custom Signs and Graphics
868gcapfr,Signary Custom Signs and Graphics
868gcapg0,Signary Custom Signs and Graphics
868gfjfvb,Livita
868gfjfvf,Livita
868gfjfvk,Livita
868gfjfvy,Livita
868gnf4hh,Kingdom Signs and Graphics
868fe3vh3,Artisan Signworks
868geecxr,Circle City Custom Signs
868gd3dpf,City Beautiful Signs and Graphics
868gd3dp7,City Beautiful Signs and Graphics
868gd3dp2,City Beautiful Signs and Graphics
868gjxb32,InceptionPoint Signworks
868gr9hyf,Toronto Custom Signs
868gr9hyk,Toronto Custom Signs
868g0060f,All American Signs and Graphics
868g00610,All American Signs and Graphics
868gcvu8v,Blue Ocean Custom Signs
868h45twg,QC Signs
868gy2ykx,Major League Signs (Miami Signs)
868h45u2c,Major League Signs (Miami Signs)
868hh7mvc,VizComm Signage Group
868hh7q1z,VizComm Signage Group
868gca8qd,SSK Signs
868h45u6f,Georgetown Signs
868h45u68,Georgetown Signs
868h45u2y,Major League Signs (Miami Signs)
868h45tvj,QC Signs
868h45tw5,QC Signs
868ee41aa,99signs
868ee41aq,Amazing Signs
868ee41bw,Celco/Celcook
868ee41c5,Envision Orlando
868ee41ch,Genesis Signs & Graphics
868ee41db,Langstaff & Sloan Inc.
868ee41ec,Majestic Sign Studio
868ee41ge,QC Signs
868ee41hr,SSK Signs
868ee41hh,SignScapes
868hzrp7w,Fresh Coast Signs | Muskegon Signs
868ehgqap,VizComm Signage Group
868ee41gv,Signs Unlimited
868ee41j6,Super Custom Sign
868ee41bp,Caliber Signs & Imaging
868gzw7k1,Genesis Signs & Graphics
868j32yr6,Majestic Sign Studio
868guvebw,Priority Signs & Graphics
868ee41b9,Blue Orbit Sign Studio
868hueb5a,Caliber Signs & Imaging
868hueb5e,Celco/Celcook
868hueb5j,Envision Orlando
868hueb3z,99signs
868hueb5w,Georgetown Signs
868hueb5y,ImageTEK Signs and Graphics LLC
868hueb60,Langstaff & Sloan Inc.
868hueb6q,QC Signs
868hueb73,SignScapes
868hueb7e,SSK Signs
868j625ma,Amazing Signs
868hdrv4d,Pure Image Signs and Graphics
868h45ttn,Saltwater Signworks
868hueb50,Blue Orbit Sign Studio
868hueb7h,Super Custom Sign
868h4y7yk,Amazing Signs
868hwu7rh,QC Signs
868ee41cu,Georgetown Signs
868jbzyt6,Fresh Coast Signs | Muskegon Signs
868jgez59,Blue Orbit Sign Studio
868jgez5w,Celco/Celcook
868f91kpg,Windy City Signs and Graphics
868f91kpd,Windy City Signs and Graphics
868gqdkje,Collaborative Sign and Design Inc
868gqdkj9,Collaborative Sign and Design Inc
868gcvvxw,Gold Media
868gcvvdx,Collaborative Sign and Design Inc
868gqc9u8,Blue Ocean Custom Signs
868gcvvxz,Gold Media
868gcvvwz,Excel SignWorks
868gcvvww,Excel SignWorks
868gqdu16,Excel SignWorks
868hbujbh,Redheaded Sign Company
868h3eqtq,Excel SignWorks
868h3eqtw,Excel SignWorks
868hbujc1,Redheaded Sign Company
868h72ahc,Elite Custom Signs
868h72ahg,Elite Custom Signs
868hh55u2,Elite Custom Signs
868hh55uj,Elite Custom Signs
868h3f0k3,Total SignWorks Ltd
868gqedxk,Total SignWorks Ltd
868gqedxn,Total SignWorks Ltd
868gcvw8p,"Pacesetter Signs & Graphics, Inc"
868gcvw8t,"Pacesetter Signs & Graphics, Inc"
868hkhgaw,"Pacesetter Signs & Graphics, Inc"
868hkhfg7,"Pacesetter Signs & Graphics, Inc"
868fa0k51,Gold Media
868fa0k57,Gold Media
868hh5810,Excel SignWorks
868gqdtq6,Envision Orlando
868gqdtqj,Envision Orlando
868h3erak,OC Sign Group
868h3erq7,"Pacesetter Signs & Graphics, Inc"
868h3erqm,"Pacesetter Signs & Graphics, Inc"
868h3f0k8,Total SignWorks Ltd
868hh5b8p,Total SignWorks Ltd
868hh5b9k,Total SignWorks Ltd
868fz500h,Sign Resources NC Inc.
868g4ytan,Unknown
868g1ebuu,Detroit Signs & Graphics
868g1ebw5,Georgetown Signs
868g60thf,Unknown
868g615h0,Unknown
868g62znf,Unknown
868g643gx,Unknown
868g6ar02,Unknown
868g1ec60,Vital Sign Solutions
868g5g92c,Unknown
868g6bfz2,Unknown
868g6brry,Unknown
868g6dwah,Unknown
868g6g2gu,Unknown
868g6j0hf,Unknown
868g6j1be,Unknown
868g6016m,Unknown
868g6j5wt,Unknown
868g6jehr,Unknown
868g6jg89,Unknown
868g5g9ak,Unknown
868g5g9tk,Amazing Signs
868g5gbac,Unknown
868g5gby8,Unknown
868g5gcnk,Unknown
868g5gdcd,Unknown
868g7v53x,Unknown
868g7v7vr,Unknown
868g7x8eb,Unknown
868g7y170,Unknown
868g80ww8,Unknown
868g81yau,Unknown
868g83r9m,Unknown
868g86uzv,Unknown
868g8gpww,Unknown
868g8u5xa,Unknown
868g8ubmh,Unknown
868g8uhe7,Unknown
868g937uj,Unknown
868g970g5,Unknown
868g98xmg,Unknown
868g9a0g7,Unknown
868g9hqkf,Unknown
868g9kbv0,Unknown
868g9mbt2,Unknown
868g9krnm,Unknown
868g9mqdw,Unknown
868g9q6fk,Unknown
868g9rr8r,Unknown
868g9ta3f,Unknown
868gacng0,Unknown
868gaetat,Unknown
868gaexmn,Unknown
868gahhbv,Unknown
868gahhdf,Unknown
868gaeub5,Unknown
868gb0b29,Unknown
868gb1gm2,Unknown
868gb3byy,Blackfire Signs
868gbax5k,Unknown
868gbey5j,Unknown
868gbcrf2,Unknown
868gbfze8,Unknown
868gbgq6x,Unknown
868gbvdv4,Unknown
868gbvg4f,Unknown
868gbz7df,Unknown
868gby71v,Unknown
868gc02r8,Unknown
868gc8f8d,Unknown
868gc8mak,Unknown
868g6jcef,Unknown
868gbu1qa,Unknown
868gd3rfr,Vibrant Sign Studio
868ga9t81,Unknown
868gdqd92,Unknown
868g1ebpu,All American Signs and Graphics
868ggkgfh,Unknown
868ghr1u1,Unknown
868ghtwtf,Unknown
868gjhy0x,Unknown
868gjwe7y,Unknown
868gjy3wn,Unknown
868gjzrvv,Unknown
868gkc97z,Unknown
868gkca75,Unknown
868gk2ad0,Unknown
868gkddnt,Unknown
868gkcmz9,Unknown
868gkegxe,Unknown
868gkh60v,Unknown
868gkgdq3,Graphicworks Sign Company
868gkmm6r,Unknown
868gkmpbm,Unknown
868gkmtz6,Unknown
868gkmuz2,Unknown
868gkn2f5,Unknown
868gkeb54,Unknown
868gkvbup,Unknown
868gm42y9,Unknown
868gm46fj,Unknown
868gm4dvn,Unknown
868gm4g89,Unknown
868gkc8ha,Unknown
868gkcquv,Unknown
868gmn69m,Unknown
868gmn7d2,Unknown
868gmnf13,Unknown
868gmp18p,Unknown
868gmp48h,Unknown
868gmp7r5,Unknown
868gmpem6,Unknown
868gmpwqw,Unknown
868gmpywu,Unknown
868gmq4dn,Unknown
868gmq5be,Unknown
868gmqxjz,Unknown
868gmr4aw,Unknown
868gmrzjk,Unknown
868gmtuz8,Unknown
868gmuc5h,Unknown
868gmuhm4,Unknown
868gmuqe7,Unknown
868gmuw86,Unknown
868gmv4wq,Unknown
868gmv6t1,Unknown
868gmvghf,Unknown
868gmvhz5,Unknown
868gmw8hr,Unknown
868gmwaw4,Unknown
868gmwxa2,Unknown
868gmx5gg,Unknown
868gmx69z,Windy City Signs and Graphics
868gmx7dj,Unknown
868gn95ep,Unknown
868gna1yt,Unknown
868gna3km,Unknown
868gna5k0,Unknown
868gna6ya,Unknown
868gna98u,Unknown
868gnajqq,Unknown
868gnamvm,Unknown
868gnapfn,Unknown
868gnaugh,Unknown
868gnb00m,Unknown
868gnb4hh,Unknown
868gnb96a,Unknown
868gnbcen,Unknown
868gmwfyu,Unknown
868gmm2pc,Unknown
868grvrku,Unknown
868gubh1x,Global Signs & Graphics
868gwakbc,Unknown
868gy2y6p,Unknown
868gy1hvj,Unknown
868gy1hqb,Unknown
868guj4xx,Unknown
868guj4w9,Unknown
868guj4wf,Unknown
868guj4x1,Unknown
868gyt4by,Unknown
868gyt6uw,Unknown
868gyt9eb,Unknown
868gytd4w,Unknown
868gytfue,Unknown
868gytqgv,Unknown
868gzfc2q,Unknown
868gzfcwm,Unknown
868gzfe1r,Unknown
868gzfewm,Unknown
868gzffn0,Unknown
868gzfg6g,Unknown
868gzfh2p,Unknown
868gzg8xm,Unknown
868h02pyj,Unknown
868h02rfa,Unknown
868h02twv,Unknown
868h02ug0,Unknown
868h02v7h,Unknown
868h0r23k,Unknown
868h0r32m,Unknown
868h0r3ve,Unknown
868h0r4nc,Unknown
868h0r5yg,Unknown
868h0r7ef,Unknown
868h0urd4,Unknown
868h1z6cv,Unknown
868h1z6aa,Unknown
868h1z68e,Unknown
868h1z64e,Unknown
868h1z5vw,Unknown
868h1z5hg,Unknown
868h2kkhh,Unknown
868h2kkmb,Unknown
868h2kmgp,Unknown
868h2kmn7,Unknown
868h2kmwk,Unknown
868h2kn06,Unknown
868h36v9v,Unknown
868h36vyt,Unknown
868h3v4e4,Unknown
868h3v50b,Unknown
868h3v583,Unknown
868h3v5jz,Unknown
868h3v5zp,Unknown
868h4bhwy,Unknown
868h4bjub,Unknown
868h4bkm9,Unknown
868h4bmfr,Unknown
868h4zgnf,Unknown
868h4zhqj,Unknown
868h4zk1p,Unknown
868h4zm1v,Unknown
868h4zm04,Unknown
868h5rr70,Unknown
868h5rruj,Unknown
868h5ruwh,Unknown
868h5rx41,Unknown
868h5ryne,Unknown
868h5t073,Unknown
868h8484k,Unknown
868h84t4p,Unknown
868h78pkt,Unknown
868h84utd,Unknown
868h84up6,Unknown
868h84wzt,Unknown
868h84ukz,Unknown
868h84uhv,Unknown
868h84tyz,Unknown
868hd6mr6,3 Sixty Sign Solutions
868gjy2dx,99signs
868gjyqh1,All American Signs and Graphics
868h1tcn3,Blackfire Signs
868gtx3jw,Unknown
868h1tbty,Baltimore Signsmiths
868h1te4z,Captivating Signs
868h1tdgw,Caliber Signs & Imaging
868h1tg61,Detroit Signs & Graphics
868h1th14,Elite Custom Signs
868h1theu,Envision Orlando
868h1thz2,Excel SignWorks
868h1tk1e,First Impression Signs
868h1tk8e,Forerunner Signs & Graphics
868h1tktg,Fresh Coast Signs | Muskegon Signs
868hhf13u,Unknown
868hhf23e,Unknown
868hhf0y5,Unknown
868hhf29z,Unknown
868h1trbb,Langstaff & Sloan Inc.
868h92jvu,Jacksonville Signs & Graphics
868hj064r,Unknown
868h1tpun,InceptionPoint Signworks
868h92k4k,Kingdom Signs and Graphics
868h1tt7a,"LGL Sign Company, LLC"
868h1ttuk,Lighthouse Sign Co.
868h1tu6x,Louisville Custom Signs
868h1tw1m,Majestic Sign Studio
868h1tuj2,Madison Sign Studios
868hayhea,Northeast Sign Company
868hayhen,OC Sign Group
868h92uwy,SKY Custom Signs
868h9320c,SpeedPro - Dallas
868hayj40,Windy City Signs and Graphics
868h92vj3,Southlake Signs Tampa
868h933n6,SpeedPro - Addison
868h932uc,SpeedPro - Boca Raton
868h932f1,SpeedPro - Boston North
868h92zht,SpeedPro - Raleigh Clayton
868hayhwb,SpeedPro - Orlando
868h92wq2,Vibrant Sign Studio
868h933b9,SpeedPro - Blountville
868h92w6a,VizComm Signage Group
868hm7jdp,Unknown
868hm7k0v,Unknown
868h930mw,SpeedPro - Lake County
868hayhxp,Street Style Sign Studio
868h92ud7,SignScapes
868hayhgw,Paragon Signs and Graphics
868hayhgc,"Pacesetter Signs & Graphics, Inc"
868h1u7y4,Pure Image Signs and Graphics
868h1u8p2,QC Signs
868h92wa8,Vital Sign Solutions
868h92y63,Super Custom Sign
868favwru,SpeedPro - Addison
868h92rw5,Sign Resources NC Inc.
868hayhh9,Priority Signs & Graphics
868h92u3a,Signs Unlimited
868h932a0,SpeedPro - Columbus
868h1ufwe,Red Robin Masonry
868h1tp3t,Horizon Sign Solutions
868hn78c2,Unknown
868h1tedp,Circle City Custom Signs
868h1td93,Boston Signs and Graphics
868h1ugaf,Saltwater Signworks
868h92xv9,Toronto Custom Signs
868h92x9e,Total SignWorks Ltd
868favwub,SSK Signs
868h1uc1w,Quad City
868h1tezk,City Beautiful Signs and Graphics
868h931c6,SpeedPro - Fort Worth
868h93118,SpeedPro - Fort Worth West
868h1tcvt,Blue Orbit Sign Studio
868hn71bx,3 Sixty Sign Solutions
868hn71c8,99signs
868hn71cr,All American Signs and Graphics
868hn71dm,Baltimore Signsmiths
868hn71dw,Blackfire Signs
868hn71ey,Caliber Signs & Imaging
868hn71jy,First Impression Signs
868hn71ek,Boston Signs and Graphics
868hn71e8,Blue Orbit Sign Studio
868hn71g0,Circle City Custom Signs
868hn71ge,City Beautiful Signs and Graphics
868hn71k4,Forerunner Signs & Graphics
868hn71ke,Fresh Coast Signs | Muskegon Signs
868hn71kn,Genesis Signs & Graphics
868hn71fp,Captivating Signs
868hn71j4,Envision Orlando
868hqw615,Unknown
868hn71m3,Georgetown Signs
868hn71mu,Unknown
868hn71w3,Red Robin Masonry
868hn71hy,Elite Custom Signs
868hn71jg,Excel SignWorks
868hn71pp,Jacksonville Signs & Graphics
868hn71qe,"LGL Sign Company, LLC"
868hn71py,Kingdom Signs and Graphics
868hn71ny,InceptionPoint Signworks
868hn71mz,Horizon Sign Solutions
868hqw6a0,Unknown
868hn71qu,Lighthouse Sign Co.
868hn71r6,Unknown
868hqkn9u,InsurPro
868hn71t0,Majestic Sign Studio
868hn71tb,Northeast Sign Company
868hn71rj,Unknown
868hn71u2,"Pacesetter Signs & Graphics, Inc"
868hn71uk,Paragon Signs and Graphics
868hn71tp,OC Sign Group
868hn71uv,Priority Signs & Graphics
868hn71v4,Pure Image Signs and Graphics
868hn71vf,QC Signs
868hn71vp,Quad City
868hvm375,Unknown
868hn7213,Southlake Signs Tampa
868hn7272,SpeedPro - Columbus
868hn71xz,Signs Unlimited
868hn728t,SpeedPro -  Dayton
868hn71wk,Saltwater Signworks
868hn71wq,Sign Resources NC Inc.
868hn71z9,SignScapes
868hn72f2,SSK Signs
868hy1zn6,Unknown
868hn72ce,SpeedPro - Lake County
868hn72db,SpeedPro - Orlando
868hn72fq,Street Style Sign Studio
868hn72m1,Vibrant Sign Studio
868hn72mk,Vital Sign Solutions
868hhvzwn,Livita
868hn72n9,Windy City Signs and Graphics
868hn72gp,Super Custom Sign
868hn72k0,Total SignWorks Ltd
868hn72j7,Toronto Custom Signs
868hn72mx,VizComm Signage Group
868hn71q8,Langstaff & Sloan Inc.
868hn72kn,Touchstone Signs and Graphics
868hn721x,SpeedPro - Addison
868hn722n,SpeedPro - Blountville
868hn723m,SpeedPro - Boca Raton
868hn724q,SpeedPro - Boston North
868j09qy0,Unknown
868hn729v,SpeedPro - Fort Worth
868hn72e6,SpeedPro - Raleigh Clayton
868hn72aj,SpeedPro - Fort Worth West
868hn727x,SpeedPro - Dallas
868hn7204,SKY Custom Signs
868j0vec0,3 Sixty Sign Solutions
868j192e0,Redheaded Sign Company
868j0vec7,99signs
868j0vecn,All American Signs and Graphics
868j0ved1,Unknown
868j0vf5p,SSK Signs
868j0ved9,Baltimore Signsmiths
868j0vee6,Boston Signs and Graphics
868j0vedp,Blackfire Signs
868j0veef,Caliber Signs & Imaging
868j0vegc,Excel SignWorks
868j0veg4,Envision Orlando
868j0vefy,Elite Custom Signs
868j0vegx,First Impression Signs
868j0vehx,Genesis Signs & Graphics
868j0vejy,Unknown
868j0vej5,Georgetown Signs
868j0vekm,InceptionPoint Signworks
868j0vend,"LGL Sign Company, LLC"
868j0vf22,SpeedPro - Dallas
868j0vf4e,SpeedPro - Lake County
868j0vf2d,SpeedPro -  Dayton
868j0vf1p,SpeedPro - Columbus
868j0vek4,Horizon Sign Solutions
868j0veqd,Majestic Sign Studio
868j0veqt,Northeast Sign Company
868j0ver9,OC Sign Group
868j0vev7,Red Robin Masonry
868j0vetf,Priority Signs & Graphics
868j0verj,"Pacesetter Signs & Graphics, Inc"
868j0veuu,Quad City
868j890k3,Unknown
868j0vet4,Paragon Signs and Graphics
868j0vew5,Saltwater Signworks
868j0vewh,Sign Resources NC Inc.
868j8tr7b,Unknown
868j0vey5,SKY Custom Signs
868j0vf54,SpeedPro - Raleigh Clayton
868j0vf81,Total SignWorks Ltd
868j0vfb0,Windy City Signs and Graphics
868j0vf9y,Vibrant Sign Studio
868j0vfa9,Vital Sign Solutions
868j0vefe,City Beautiful Signs and Graphics
868j9yc2t,Unknown
868j0veh7,Forerunner Signs & Graphics
868j0vehn,Fresh Coast Signs | Muskegon Signs
868ja8hgf,Unknown
868ja9b03,Unknown
868j0vemg,Jacksonville Signs & Graphics
868j0vemr,Kingdom Signs and Graphics
868j0vent,Lighthouse Sign Co.
868j0ven2,Langstaff & Sloan Inc.
868j0veph,Unknown
868j0vedx,Blue Orbit Sign Studio
868j0vef0,Captivating Signs
868j0veq1,Unknown
868j0vetu,Pure Image Signs and Graphics
868j0veu7,QC Signs
868j0vewx,Signs Unlimited
868j0vexh,SignScapes
868j0veyx,Southlake Signs Tampa
868j0vezb,SpeedPro - Addison
868j0vezr,SpeedPro - Blountville
868j0vf6g,Super Custom Sign
868jc02x6,Unknown
868j0vf0d,SpeedPro - Boca Raton
868j0vf0q,SpeedPro - Boston North
868j0vef9,Circle City Custom Signs
868j0vf4q,SpeedPro - Orlando
868j0vfan,VizComm Signage Group
868jcevb0,3 Sixty Sign Solutions
868jcevbc,99signs
868jceudr,All American Signs and Graphics
868jceudv,Unknown
868jceuej,Blackfire Signs
868jceufb,Boston Signs and Graphics
868jceufm,Caliber Signs & Imaging
868jceuhr,Elite Custom Signs
868jceun4,Genesis Signs & Graphics
868jceuna,Georgetown Signs
868jceuj8,Envision Orlando
868jceuh3,Unknown
868jceujt,Excel SignWorks
868jceukn,First Impression Signs
868jceumf,Forerunner Signs & Graphics
868jceunu,Unknown
868jceuvq,Majestic Sign Studio
868jceuw8,Northeast Sign Company
868jceuwk,OC Sign Group
868jceuwv,"Pacesetter Signs & Graphics, Inc"
868jceuxu,Priority Signs & Graphics
868jceuza,Red Robin Masonry
868jceuzy,Unknown
868jcev0c,Saltwater Signworks
868jcev0g,Sign Resources NC Inc.
868jcev41,Unknown
868jcev4b,SpeedPro - Columbus
868jcev59,SpeedPro -  Dayton
868jcev51,SpeedPro - Dallas
868jcev6q,SpeedPro - Lake County
868jcev7a,SpeedPro - Raleigh Clayton
868jcev7j,SSK Signs
868jcev8t,Total SignWorks Ltd
868jcev9a,Vibrant Sign Studio
868jcev9m,Vital Sign Solutions
868jcev5j,SpeedPro - Fort Worth
868jcev61,SpeedPro - Fort Worth West
868h92w1k,Windy City Signs and Graphics
868hayj1h,Vibrant Sign Studio
868jcdnj9,Windy City Signs and Graphics
868jcevau,Windy City Signs and Graphics
868hayhf2,Red Robin Masonry
868jceupz,Unknown
868jceup6,Unknown
868jceue0,Baltimore Signsmiths
868jceuf1,Blue Orbit Sign Studio
868jceug1,Captivating Signs
868jceuga,Circle City Custom Signs
868jceumu,Fresh Coast Signs | Muskegon Signs
868jceuph,Horizon Sign Solutions
868jk4xyq,Unknown
868jceurh,Jacksonville Signs & Graphics
868jceurw,Kingdom Signs and Graphics
868jceutz,Lighthouse Sign Co.
868jceuuf,Unknown
868jceuuz,Unknown
868jceux9,Paragon Signs and Graphics
868jceuy6,Pure Image Signs and Graphics
868jceuyx,Quad City
868jcev0y,Signs Unlimited
868jceuyj,QC Signs
868jcev19,SignScapes
868jcev1t,SKY Custom Signs
868jcev24,Southlake Signs Tampa
868jcev2j,SpeedPro - Addison
868jcev2u,SpeedPro - Blountville
868jcev34,SpeedPro - Boca Raton
868jmnpp1,Unknown
868jcev6y,SpeedPro - Orlando
868jcev82,Super Custom Sign
868jcev3c,SpeedPro - Boston North
868hayhyv,Toronto Custom Signs
868jceugn,City Beautiful Signs and Graphics
868jceuqb,InceptionPoint Signworks
868jceutn,"LGL Sign Company, LLC"
868hayhx6,SSK Signs
868jcevaa,VizComm Signage Group
868jcev8c,Toronto Custom Signs
868jcev8y,Touchstone Signs and Graphics
868jceq3g,99signs
868jceq3c,3 Sixty Sign Solutions
868haygg1,All American Signs and Graphics
868hayghn,Unknown
868haygjd,Baltimore Signsmiths
868haygmr,Boston Signs and Graphics
868haygkt,Blue Orbit Sign Studio
868j5darv,Unknown
868haygne,Caliber Signs & Imaging
868haygw8,First Impression Signs
868haygtb,Elite Custom Signs
868haygny,Captivating Signs
868haygum,Envision Orlando
868haygvc,Excel SignWorks
868hayhmm,Southlake Signs Tampa
868haygyf,Genesis Signs & Graphics
868haygz0,Georgetown Signs
868hayh00,Unknown
868j5deuv,Unknown
868j5dd5z,Unknown
868hayh19,InceptionPoint Signworks
868hayh4m,"LGL Sign Company, LLC"
868hayh7y,Majestic Sign Studio
868h92p84,Northeast Sign Company
868hayh9v,OC Sign Group
868hayhpk,SpeedPro - Blountville
868hayhaw,"Pacesetter Signs & Graphics, Inc"
868hayhby,Priority Signs & Graphics
868hayhum,SpeedPro - Fort Worth
868hayhv2,SpeedPro - Fort Worth West
868hayhgg,Sign Resources NC Inc.
868hayhtk,SpeedPro - Dallas
868hayhga,Saltwater Signworks
868j5dgy7,Unknown
868hayj0w,Touchstone Signs and Graphics
868hayhu4,SpeedPro -  Dayton
868hayhtc,SpeedPro - Columbus
868hayj2d,Vital Sign Solutions
868hayhy6,Super Custom Sign
868hayhw4,SpeedPro - Lake County
868hayhzc,Total SignWorks Ltd
868haygwt,Forerunner Signs & Graphics
868haygxv,Fresh Coast Signs | Muskegon Signs
868haygq6,City Beautiful Signs and Graphics
868hayhwp,SpeedPro - Raleigh Clayton
868haygpc,Circle City Custom Signs
868hayh06,Horizon Sign Solutions
868jw633b,Unknown
868hayh2g,Jacksonville Signs & Graphics
868hayh5e,Lighthouse Sign Co.
868hayh5z,Unknown
868hayh76,Unknown
868hayhdb,Pure Image Signs and Graphics
868hayhe8,QC Signs
868hayhbf,Paragon Signs and Graphics
868hayhek,Quad City
868hayhhe,Signs Unlimited
868hayhhx,SignScapes
868j5dg2v,Unknown
868hayhjt,SKY Custom Signs
868ed0j82,Street Style Sign Studio
868eeavv4,SpeedPro - Raleigh Clayton
868dudnn7,Igna Signs and Graphics
868dudnn0,Igna Signs and Graphics
868fkvceb,Circle City Custom Signs
868fkvce3,Circle City Custom Signs
868eurxvx,Livita
868f9be1x,Livita
868f9be3g,Livita
868f9be2k,Livita
868fa0vnc,Indy Sign Factory
868etc3w7,SpeedPro - Orlando
868etx0df,SpeedPro - Boca Raton
868etx0gm,SpeedPro - Boston North
868fa0vy9,Jacksonville Signs & Graphics
868etwxvt,Jacksonville Signs & Graphics
868etwxva,Jacksonville Signs & Graphics
868f7wwgc,Street Style Sign Studio
868f7wwgk,Street Style Sign Studio
868gbcap7,Vibrant Sign Studio
868gew05n,Vibrant Sign Studio
868gkv9n1,Vibrant Sign Studio
868gkvc3v,Vibrant Sign Studio
868gkvr59,Vibrant Sign Studio
868gnn2he,3 Sixty Sign Solutions
868gnn711,3 Sixty Sign Solutions
868gnnmpm,3 Sixty Sign Solutions
868gnwjn1,Captivating Signs
868gnx313,Captivating Signs
868gnpyrx,99signs
868gntc7e,99signs
868gntvj4,Elite Custom Signs
868gnuvf6,Elite Custom Signs
868gp4r9g,Vital Sign Solutions
868gp4mb2,Gold Media
868gp4pjf,Gold Media
868gp67r5,Blackfire Signs
868gp6e3z,Blackfire Signs
868gp6e5b,Blackfire Signs
868gahrgm,Windy City Signs and Graphics
868gpbrh0,Southlake Signs Tampa
868gpbrm2,Southlake Signs Tampa
868gp7ukt,Windy City Signs and Graphics
868gjv1k1,SpeedPro - Chicago Loop
868g0106m,Vital Sign Solutions
868gyuv8n,99signs
868gz5fqq,99signs
868gz5fwh,99signs
868gzdye7,Caliber Signs & Imaging
868gz4vat,Igna Signs and Graphics
868gz58b5,Igna Signs and Graphics
868gz5a2t,Igna Signs and Graphics
868gzzzn9,Vital Sign Solutions
868h000c8,Vital Sign Solutions
868gy04hr,Super Custom Sign
868gy2247,Super Custom Sign
868gy2kky,Super Custom Sign
868h02k16,Captivating Signs
868h02k3d,Captivating Signs
868h08hgr,Captivating Signs
868h0e57u,3 Sixty Sign Solutions
868h0eg20,3 Sixty Sign Solutions
868h0f7pn,3 Sixty Sign Solutions
868h0h2rb,Blackfire Signs
868h0hfth,Blackfire Signs
868h0hv2e,Blackfire Signs
868h11fwg,QC Signs
868h126xy,QC Signs
868h127yr,QC Signs
868h12g6n,Northeast Sign Company
868h12g7m,Northeast Sign Company
868h1309d,Southlake Signs Tampa
868h130kr,Southlake Signs Tampa
868h13111,Southlake Signs Tampa
868h131z1,Signary Custom Signs and Graphics
868h131yw,Signary Custom Signs and Graphics
868gcap98,3 Sixty Sign Solutions
868gcaptc,Southlake Signs Tampa
868gcaptf,Southlake Signs Tampa
868gcapww,Vital Sign Solutions
868gcapx0,Vital Sign Solutions
868ge8p5k,Indy Sign Factory
868ge8p5x,Indy Sign Factory
868ge8qgg,Super Custom Sign
868ge8qgf,Super Custom Sign
868g0796f,Super Custom Sign
868g07970,Super Custom Sign
868ha12f7,Circle City Custom Signs
868gaxanc,99signs
868gaxapt,99signs
868g9n30m,Captivating Signs
868gag9p4,Blackfire Signs
868gag9z3,Blackfire Signs
868gaa6vv,Forerunner Signs & Graphics
868gaafmq,3 Sixty Sign Solutions
868gag9km,Blackfire Signs
868fyej9q,Super Custom Sign
868fyejbw,Super Custom Sign
868ga8k99,Super Custom Sign
868ga8ka7,Super Custom Sign
868ga8z3e,Indy Sign Factory
868ga8z5j,Indy Sign Factory
868gaj0hz,Southlake Signs Tampa
868gaj0rx,Southlake Signs Tampa
868ggmqbj,Amazing Signs
868hcp7m0,3 Sixty Sign Solutions
868hcq3ya,3 Sixty Sign Solutions
868hcqk0q,Captivating Signs
868hcqqd5,Captivating Signs
868hcr5bj,Captivating Signs
868hcub0z,Blackfire Signs
868hcujrx,Blackfire Signs
868hcxkxj,Blackfire Signs
868hdv8vm,Vital Sign Solutions
868hdv8yj,Vital Sign Solutions
868hdvb3y,Vital Sign Solutions
868hdvky1,99signs
868hdvkyh,99signs
868hdvpg0,99signs
868he4ed0,Southlake Signs Tampa
868he4ehm,Southlake Signs Tampa
868hem9xu,Amazing Signs
868hema1u,Amazing Signs
868hen53k,Amazing Signs
868hentbb,Blue Ocean Custom Signs
868hentev,Blue Ocean Custom Signs
868hep9bk,Blue Ocean Custom Signs
868het8pe,Signary Custom Signs and Graphics
868hethky,Signary Custom Signs and Graphics
868fz4pbd,Blue Ocean Custom Signs
868hpgd78,Captivating Signs
868hpgddd,Captivating Signs
868hphthb,99signs
868hpj1n5,99signs
868hqbmyz,Kingdom Signs and Graphics
868hqbumq,Kingdom Signs and Graphics
868hrxhx8,Amazing Signs
868hrxwvb,Amazing Signs
868hrxwxf,Amazing Signs
868hry0yh,Blue Ocean Custom Signs
868hry783,Blue Ocean Custom Signs
868htqtfm,3 Sixty Sign Solutions
868htqtr6,3 Sixty Sign Solutions
868htvfr3,Signs Unlimited
868htxq1k,Vital Sign Solutions
868htxuz7,Vital Sign Solutions
868hty5h3,Southlake Signs Tampa
868hty5j7,Southlake Signs Tampa
868hty5mp,Southlake Signs Tampa
868hu8760,Baltimore Signsmiths
868hu88qq,Baltimore Signsmiths
868hu8pmv,Victory Sign Company
868huagef,Paragon Signs and Graphics
868huagp0,Paragon Signs and Graphics
868huc4b8,Paragon Signs and Graphics
868hudygp,Blackfire Signs
868hueeu7,Blackfire Signs
868j0cn83,Clarity Signworks Inc
868j0ck36,Clarity Signworks Inc
868j0cq5y,99signs
868j0crxb,99signs
868h0j5uw,3 Sixty Sign Solutions
868j4h96p,3 Sixty Sign Solutions
868j4h9a6,3 Sixty Sign Solutions
868j4m8wk,99signs
868j5bf88,99signs
868j5bfbr,99signs
868j5bfdt,99signs
868j5mngf,Paragon Signs and Graphics
868j5mnp1,Paragon Signs and Graphics
868j5mu8q,Paragon Signs and Graphics
868j66jgu,Amazing Signs
868j66vje,Amazing Signs
868j67fut,Amazing Signs
868j67xv7,Blackfire Signs
868j67xxm,Blackfire Signs
868j6kyqb,Captivating Signs
868j6kyy3,Captivating Signs
868j6mk05,Signs Unlimited
868j6n6pq,Kingdom Signs and Graphics
868j6nfkt,Kingdom Signs and Graphics
868j6np19,Kingdom Signs and Graphics
868j6p01q,Victory Sign Company
868j6p8t8,Southlake Signs Tampa
868j6pf3c,Southlake Signs Tampa
868j6pvyt,Vital Sign Solutions
868j6q4a1,Vital Sign Solutions
868j6x5ja,Baltimore Signsmiths
868j6x6pn,Baltimore Signsmiths
868j6x7tp,Baltimore Signsmiths
868j6x843,Baltimore Signsmiths
868j6x8fr,Baltimore Signsmiths
868j6xfb4,Blue Ocean Custom Signs
868j71rj8,Blue Ocean Custom Signs
868j71tk1,Blue Ocean Custom Signs
868j728qc,Clarity Signworks Inc
868j728u5,Clarity Signworks Inc
868h3ep1k,Blue Ocean Custom Signs
868h3ep1z,Blue Ocean Custom Signs
868h3enqj,Amazing Signs
868hh50r7,Amazing Signs
868hh50rq,Amazing Signs
868hh59px,99signs
868hh5a6y,Southlake Signs Tampa
868h2b32d,Baltimore Signsmiths
868jcf456,Amazing Signs
868j9brrj,Clarity Signworks Inc
868j9brtp,Clarity Signworks Inc
868hw5mm8,99signs
868hwkv9j,Paragon Signs and Graphics
868hwkvgw,Victory Sign Company
868hwkvhx,Vital Sign Solutions
868jh5yue,Amazing Signs
868jh7ahr,Captivating Signs
868jgyycq,Captivating Signs
868jh88cg,Signs Unlimited
868jh88fk,Signs Unlimited
868jhd9w1,Blackfire Signs
868jhd9xx,Blackfire Signs
868jhde1x,Blackfire Signs
868jhde36,Blackfire Signs
868jhef7y,Vital Sign Solutions
868jheffj,Vital Sign Solutions
868jhgu1e,Southlake Signs Tampa
868jhgu41,Southlake Signs Tampa
868jhkbmv,Southlake Signs Tampa
868jj9myw,Blue Ocean Custom Signs
868jj9n1d,Blue Ocean Custom Signs
868jja33m,Paragon Signs and Graphics
868jja35q,Paragon Signs and Graphics
868jja3k9,Paragon Signs and Graphics
868jj99fn,3 Sixty Sign Solutions
868jj99fv,3 Sixty Sign Solutions
868jjc5h1,Baltimore Signsmiths
868jjef84,Baltimore Signsmiths
868jjf140,99signs
868jjgg4z,Kingdom Signs and Graphics
868jjg5qu,Victory Sign Company
868jjh369,Clarity Signworks Inc
868jjh37z,Clarity Signworks Inc
868jjf17q,99signs
868hwkv0h,Kingdom Signs and Graphics
868hw5mx7,Baltimore Signsmiths
868j9brvm,Clarity Signworks Inc
868hwkv7y,Paragon Signs and Graphics
868jtt10a,Captivating Signs
868jvp20u,Victory Sign Company
868jvqaqe,Signs Unlimited
868jvqat5,Signs Unlimited
868jvqf7b,Signs Unlimited
868jvr13z,Captivating Signs
868jvuhr3,Kingdom Signs and Graphics
868jvvyw3,3 Sixty Sign Solutions
868jvvyzf,3 Sixty Sign Solutions
868jvwdv8,3 Sixty Sign Solutions
868jwdvxc,Amazing Signs
868jwdvxu,Amazing Signs
868jwdvz0,Amazing Signs
868jwh7an,Vital Sign Solutions
868jwh770,Vital Sign Solutions
868jwj2b6,Vital Sign Solutions
868jwj2dp,Vital Sign Solutions
868jwne1m,Southlake Signs Tampa
868jwne7e,Southlake Signs Tampa
868jwnt8b,Southlake Signs Tampa
868jwzdgf,Paragon Signs and Graphics
868jwzdgh,Paragon Signs and Graphics
868jwzf50,Paragon Signs and Graphics
868jwzvp1,Baltimore Signsmiths
868jwzvpx,Baltimore Signsmiths
868jx02jh,99signs
868jx02jv,99signs
868jx0wb5,99signs
868jx1p4f,Blue Ocean Custom Signs
868jx1p87,Blue Ocean Custom Signs
868jx204n,Blue Ocean Custom Signs
868jx21g9,Blue Ocean Custom Signs
868jx4mn9,Brevard Sign Solutions
868jx3x24,Clarity Signworks Inc
868jx3x60,Clarity Signworks Inc
868dxk22y,"Pacesetter Signs & Graphics, Inc"
868f8rzq1,Blue Ocean Custom Signs
868f6w6q5,OC Sign Group
868e1wgp5,Total SignWorks Ltd
868ff9yqf,First Impression Signs
868e4cjtg,Sign Resources NC Inc.
868f7br3h,Amazing Signs
868fv56pa,Excel SignWorks
868egwjzg,Collaborative Sign and Design Inc
868fjjh1q,Collaborative Sign and Design Inc
868fwr1ur,Amazing Signs
868fa5ej1,Collaborative Sign and Design Inc
868fpvw6m,Excel SignWorks
868fx0ytr,"Pacesetter Signs & Graphics, Inc"
868fx1320,"Pacesetter Signs & Graphics, Inc"
868fx32d0,Envision Orlando
868fx4yk5,Total SignWorks Ltd
868fx6qr7,Collaborative Sign and Design Inc
868fxebbb,OC Sign Group
868fxjcb8,Excel SignWorks
868djm212,Total SignWorks Ltd
868fjjgc5,Amazing Signs
868fjjgcf,Amazing Signs
868fq3ak9,Sign Resources NC Inc.
868g06xw5,"Pacesetter Signs & Graphics, Inc"
868g4cdtu,Amazing Signs
868g4cycm,Blue Ocean Custom Signs
868dvermu,Sign Resources NC Inc.
868e4cjrb,Sign Resources NC Inc.
868dhhg2c,Sign Resources NC Inc.
868e4cjrt,Sign Resources NC Inc.
868g5gpz3,Blue Ocean Custom Signs
868g5h02b,Blue Ocean Custom Signs
868g5hqg2,"Pacesetter Signs & Graphics, Inc"
868g5j0a5,"Pacesetter Signs & Graphics, Inc"
868dhhjh0,Sign Resources NC Inc.
868g5uhr6,OC Sign Group
868fpvvke,Excel SignWorks
868fpvugc,Excel SignWorks
868dhhjhc,Sign Resources NC Inc.
868dhhjh7,Sign Resources NC Inc.
868g6gwz8,Envision Orlando
868g6h4vm,Envision Orlando
868g6heb8,Total SignWorks Ltd
868g6hzmz,Total SignWorks Ltd
868g6j4c3,Total SignWorks Ltd
868g6jmmb,Collaborative Sign and Design Inc
868g6jxb5,Collaborative Sign and Design Inc
868fjjgmu,Blue Ocean Custom Signs
868fjjgmj,Blue Ocean Custom Signs
868fpvtx0,Excel SignWorks
868fpvu72,Excel SignWorks
868fhkwda,OC Sign Group
868g7y1xd,Excel SignWorks
868g7yk1t,Excel SignWorks
868fpvtjg,Excel SignWorks
868fpvw47,Excel SignWorks
868fzz6tu,Excel SignWorks
868fjjhxq,OC Sign Group
868fqm7wz,Total SignWorks Ltd
868fv2g5v,Amazing Signs
868gcecdu,"Pacesetter Signs & Graphics, Inc"
868fpvvym,Excel SignWorks
868gd4ev1,OC Sign Group
868fz4ra9,Collaborative Sign and Design Inc
868fz4ra0,Collaborative Sign and Design Inc
868gfq87j,Amazing Signs
868gfqqf0,Blue Ocean Custom Signs
868gfrub6,"Pacesetter Signs & Graphics, Inc"
868g2yu2w,OC Sign Group
868gg37k1,Envision Orlando
868gg3jud,Envision Orlando
868etac59,Amazing Signs
868gg4y2x,Total SignWorks Ltd
868gg5er7,Total SignWorks Ltd
868fz4p46,Amazing Signs
868g7yphc,Excel SignWorks
868fz4x81,Excel SignWorks
868ggz364,Excel SignWorks
868euq2ck,Amazing Signs
868euq2cr,Amazing Signs
868gh2t49,Excel SignWorks
868eeupgj,"Pacesetter Signs & Graphics, Inc"
868f7brbb,Blue Ocean Custom Signs
868f7c9v5,Total SignWorks Ltd
868fc1maz,Excel SignWorks
868ghag0q,Sign Resources NC Inc.
868ghaj0y,Sign Resources NC Inc.
868g7y1dk,Redheaded Sign Company
868gjh0zp,Collaborative Sign and Design Inc
868gjj276,Excel SignWorks
868gjxk3g,Unknown
868eeupgu,"Pacesetter Signs & Graphics, Inc"
868fz4z6n,OC Sign Group
868eeupk5,Sign Resources NC Inc.
868eeupk2,Sign Resources NC Inc.
868fz4z73,OC Sign Group
868gna4wn,Sign Resources NC Inc.
868fz4x04,Envision Orlando
868fa11ut,Total SignWorks Ltd
868fjmeaq,Excel SignWorks
868fc31bw,Excel SignWorks
868fc31ce,Excel SignWorks
868fc1man,Excel SignWorks
868f7brbd,Blue Ocean Custom Signs
868etavdg,"Pacesetter Signs & Graphics, Inc"
868etavdm,"Pacesetter Signs & Graphics, Inc"
868gcfc6y,Collaborative Sign and Design Inc
868f7bw5a,Envision Orlando
868eem2gh,Envision Orlando
868gcgdt0,Collaborative Sign and Design Inc
868etauh4,Envision Orlando
868etavdv,"Pacesetter Signs & Graphics, Inc"
868etauh0,Envision Orlando
868guguwc,Priority Signs & Graphics
868gv4v5a,Amazing Signs
868gv4z86,Blue Ocean Custom Signs
868gv51pu,Blue Ocean Custom Signs
868gv53ez,"Pacesetter Signs & Graphics, Inc"
868gv53h3,"Pacesetter Signs & Graphics, Inc"
868gv5d7a,Envision Orlando
868gcvun2,Envision Orlando
868gcvumv,Envision Orlando
868gcvuc9,Amazing Signs
868fjjhdw,Envision Orlando
868gcvuc7,Amazing Signs
868gwcgxt,Total SignWorks Ltd
868gwchun,Total SignWorks Ltd
868gwczhp,Sign Resources NC Inc.
868gwddpk,OC Sign Group
868gwdff1,OC Sign Group
868gwdhza,Collaborative Sign and Design Inc
868fjjhe2,Envision Orlando
868fjjhe6,Envision Orlando
868fjjjhr,Sign Resources NC Inc.
868fjjjhb,Sign Resources NC Inc.
868f7bxaz,Sign Resources NC Inc.
868f7bxb0,Sign Resources NC Inc.
868gwkcg9,Excel SignWorks
868f7bw5f,Envision Orlando
868f7bwv9,Gold Media
868f7bwvf,Gold Media
868guj0ra,Priority Signs & Graphics
868gv5d9d,Envision Orlando
868h15gu4,Collaborative Sign and Design Inc
868fjjhk1,Gold Media
868h6cjcn,Collaborative Sign and Design Inc
868gkujvp,All American Signs and Graphics
868h6kffd,Elite Custom Signs
868h6mdnr,Gold Media
868h6mu2x,Gold Media
868h72r0k,Windy City Signs and Graphics
868h72r3m,Windy City Signs and Graphics
868h2eqve,Amazing Signs
868h8pz8w,Elite Custom Signs
868h8pz57,Elite Custom Signs
868gcw7gy,Total SignWorks Ltd
868gqe6pr,OC Sign Group
868h15gxp,Collaborative Sign and Design Inc
868gqe6nv,OC Sign Group
868gcvw39,OC Sign Group
868hbrjeg,Windy City Signs and Graphics
868hbrjjv,Windy City Signs and Graphics
868hbtbkc,Gold Media
868hbtbt9,Gold Media
868gcvuhg,Elite Custom Signs
868gcvw37,OC Sign Group
868fz4zq4,"Pacesetter Signs & Graphics, Inc"
868hc7pzn,"Pacesetter Signs & Graphics, Inc"
868hc7q2v,"Pacesetter Signs & Graphics, Inc"
868hc7x9w,"Pacesetter Signs & Graphics, Inc"
868hc99fq,Envision Orlando
868fz4zq0,"Pacesetter Signs & Graphics, Inc"
868fjjj48,"Pacesetter Signs & Graphics, Inc"
868fjjj3n,"Pacesetter Signs & Graphics, Inc"
868fkar6e,All American Signs and Graphics
868fkar6b,All American Signs and Graphics
868gcvuhm,Elite Custom Signs
868heg2g4,All American Signs and Graphics
868hegkk7,All American Signs and Graphics
868hehjgf,Excel SignWorks
868hehjjj,Excel SignWorks
868hejyz0,Total SignWorks Ltd
868hejz47,Total SignWorks Ltd
868hekdpu,Sign Resources NC Inc.
868hekp1p,Collaborative Sign and Design Inc
868hekp50,Collaborative Sign and Design Inc
868hekya2,OC Sign Group
868etaxpf,Windy City Signs and Graphics
868gcvvdt,Collaborative Sign and Design Inc
868ggmqce,Amazing Signs
868fz57eg,Windy City Signs and Graphics
868hhmwdp,Redheaded Sign Company
868hhmwh8,Redheaded Sign Company
868hhp5g6,Redheaded Sign Company
868etaxpb,Windy City Signs and Graphics
868gcvuhh,Elite Custom Signs
868h95n63,OC Sign Group
868ha5zhg,OC Sign Group
868gztn8t,Total SignWorks Ltd
868hnab8m,Redheaded Sign Company
868hnafeg,Redheaded Sign Company
868gqdp7f,Elite Custom Signs
868h95ed2,OC Sign Group
868hrmvty,Windy City Signs and Graphics
868hrmvw1,Windy City Signs and Graphics
868hrpgtb,Gold Media
868hrpn26,Gold Media
868hrtj38,Excel SignWorks
868hrukn0,Excel SignWorks
868hrup1x,Excel SignWorks
868hrw15v,"Pacesetter Signs & Graphics, Inc"
868hrwvz3,"Pacesetter Signs & Graphics, Inc"
868hrwx5w,Redheaded Sign Company
868hrxexg,Total SignWorks Ltd
868hudbxd,Envision Orlando
868hudc1r,Envision Orlando
868hufq4h,OC Sign Group
868hug4t4,Elite Custom Signs
868hug4w1,Elite Custom Signs
868hv49c6,All American Signs and Graphics
868hv49pc,All American Signs and Graphics
868hv64md,Sign Resources NC Inc.
868hv7qp4,Sign Resources NC Inc.
868hufpfp,OC Sign Group
868hxyauf,Total SignWorks Ltd
868hy0uf0,Total SignWorks Ltd
868gcwg0u,All American Signs and Graphics
868h752hr,All American Signs and Graphics
868hhyffh,Excel SignWorks
868j2t3a4,Total SignWorks Ltd
868j2urr9,Windy City Signs and Graphics
868j2xyr0,Windy City Signs and Graphics
868j2z9wk,Gold Media
868j2zr3m,Gold Media
868j2zveh,"Pacesetter Signs & Graphics, Inc"
868j31614,"Pacesetter Signs & Graphics, Inc"
868gcvu8g,Blue Ocean Custom Signs
868j63au0,Envision Orlando
868j6506n,Elite Custom Signs
868j65nk7,Elite Custom Signs
868j6ectp,All American Signs and Graphics
868j6ef68,All American Signs and Graphics
868j6f3tu,Sign Resources NC Inc.
868j6fznx,Sign Resources NC Inc.
868j6kux9,OC Sign Group
868j6kunx,OC Sign Group
868j6n5e6,Excel SignWorks
868j6navy,Excel SignWorks
868hwkrd6,Excel SignWorks
868j6nmx7,Redheaded Sign Company
868j97pvg,Redheaded Sign Company
868jac1wq,Sign Resources NC Inc.
868jac9ph,Sign Resources NC Inc.
868hh59bc,OC Sign Group
868hh59ak,OC Sign Group
868jhmxae,Redheaded Sign Company
868jhnbgz,Redheaded Sign Company
868jhnhyz,Excel SignWorks
868jjekkk,Gold Media
868jjfx77,Gold Media
868jjg30r,"Pacesetter Signs & Graphics, Inc"
868jjgbkp,"Pacesetter Signs & Graphics, Inc"
868jjgm91,Envision Orlando
868jjgwzc,Envision Orlando
868jjh0g6,OC Sign Group
868jjh460,OC Sign Group
868jjxk1q,All American Signs and Graphics
868jjxmv6,All American Signs and Graphics
868hwkrev,Excel SignWorks
868jjqh4f,Total SignWorks Ltd
868j96nf3,Excel SignWorks
868jjqeey,Elite Custom Signs
868jjqf5u,Elite Custom Signs
868hkhf8f,Gold Media
868hx2pwf,Elite Custom Signs
868j96ngn,Gold Media
868hwkrr2,Gold Media
868j96ngg,Gold Media
868hwkrrp,Gold Media
868fz500t,Sign Resources NC Inc.
868hx3geh,Windy City Signs and Graphics
868hkhaya,Windy City Signs and Graphics
868hkhe20,Windy City Signs and Graphics
868gr7bpu,Windy City Signs and Graphics
868hx3hzg,Windy City Signs and Graphics
868hh57yw,Envision Orlando
868hh57yc,Envision Orlando
868h3fb5p,Envision Orlando
868h3eqjv,Envision Orlando
868jwzmu1,Windy City Signs and Graphics
868jwztq0,Windy City Signs and Graphics
868jx0crb,Gold Media
868ef053q,Lighthouse Sign Co.
868ef053x,Lighthouse Sign Co.
868e1v7gy,City Beautiful Signs and Graphics
868e1v7g6,City Beautiful Signs and Graphics
868et9kee,3 Sixty Sign Solutions
868etpvac,Victory Sign Company
868et9ke8,3 Sixty Sign Solutions
868et9kdx,3 Sixty Sign Solutions
868ebep6c,99signs
868ebep5w,99signs
868egy9xx,"LGL Sign Company, LLC"
868etpvb1,Victory Sign Company
868etpvag,Victory Sign Company
868etzb0u,Horizon Sign Solutions
868etzb13,Horizon Sign Solutions
868f6yftt,Horizon Sign Solutions
868f6yfw7,Horizon Sign Solutions
868f6yfxn,Horizon Sign Solutions
868axmr0b,First Impression Signs
868f91jhu,City Beautiful Signs and Graphics
868fh36bq,Langstaff & Sloan Inc.
868f9ae9b,Lighthouse Sign Co.
868f9ae9j,Lighthouse Sign Co.
868ed0ehz,City Beautiful Signs and Graphics
868ed0ej9,City Beautiful Signs and Graphics
868f91jhe,City Beautiful Signs and Graphics
868f6z195,Touchstone Signs and Graphics
868f9acvu,Captivating Signs
868ebfb6j,Artisan Signworks
868f7bwbg,First Impression Signs
868erfzc6,Lighthouse Sign Co.
868eu6bhp,"LGL Sign Company, LLC"
868etpurm,Artisan Signworks
868etput8,Artisan Signworks
868ebfb6e,Artisan Signworks
868ebfb67,Artisan Signworks
868f9acvj,Captivating Signs
868ecyn7x,Captivating Signs
868fujq83,Artisan Signworks
868fra7cm,Louisville Custom Signs
868fuj7wg,Artisan Signworks
868fujn08,Artisan Signworks
868ftd067,Artisan Signworks
868fuhnmx,Artisan Signworks
868fujru3,Artisan Signworks
868fh3612,"LGL Sign Company, LLC"
868fjet9w,Horizon Sign Solutions
868fjet8m,Horizon Sign Solutions
868fh38gd,Victory Sign Company
868fr9ca0,Louisville Custom Signs
868fr9h49,Louisville Custom Signs
868fra041,Louisville Custom Signs
868fr9p3z,Louisville Custom Signs
868e9ka96,Louisville Custom Signs
868banbhc,Langstaff & Sloan Inc.
868fu4fvt,Louisville Custom Signs
868g00zmx,3 Sixty Sign Solutions
868gamk55,Artisan Signworks
868gamp61,Artisan Signworks
868g839vb,Horizon Sign Solutions
868g0re1t,Priority Signs & Graphics
868g00zn9,3 Sixty Sign Solutions
868fu53b6,Louisville Custom Signs
868g00zvg,Captivating Signs
868g0re17,Priority Signs & Graphics
868g071j7,SpeedPro - Fort Worth West
868fqe1u4,Louisville Custom Signs
868h2bzw6,Priority Signs & Graphics
868gz6zjk,Priority Signs & Graphics
868gd3jxg,"LGL Sign Company, LLC"
868gd3jxf,"LGL Sign Company, LLC"
868gd3jcm,Horizon Sign Solutions
868g070k7,Graphicworks Sign Company
868graprq,Graphicworks Sign Company
868gd3j3c,Graphicworks Sign Company
868gd3j3m,Graphicworks Sign Company
868gd3j3z,Graphicworks Sign Company
868graj6p,City Beautiful Signs and Graphics
868graj6v,City Beautiful Signs and Graphics
868ggyhx2,Graphicworks Sign Company
868g00q6t,SpeedPro - Raleigh Clayton
868graprh,Graphicworks Sign Company
868grawpm,"LGL Sign Company, LLC"
868gc739u,SpeedPro - Greater San Diego
868grara6,Horizon Sign Solutions
868h6m4vr,Pure Image Signs and Graphics
868hcmf7m,SpeedPro - Chicago Loop
868hc36bh,InceptionPoint Signworks
868gran01,Super Custom Sign
868h4zmt7,"LGL Sign Company, LLC"
868h4z6pj,Graphicworks Sign Company
868hhukj5,City Beautiful Signs and Graphics
868hkgkkk,City Beautiful Signs and Graphics
868grama6,SpeedPro - Boston North
868hcmf8y,SpeedPro - Chicago Loop
868gram9v,SpeedPro - Boca Raton
868grak2j,Livita
868grak2t,Livita
868ha0u0p,SpeedPro - Boca Raton
868ha8a5m,SpeedPro - Fort Worth
868hbukx9,Super Custom Sign
868hwr6xe,Livita
868hhuku5,First Impression Signs
868hcmf96,SpeedPro - Chicago Loop
868ha0u0a,SpeedPro - Boca Raton
868eqad5h,Kingdom Signs and Graphics
868eu7ufx,Baltimore Signsmiths
868eu7unq,Louisville Custom Signs
868f6w6hj,Boston Signs and Graphics
868f6w6np,Langstaff & Sloan Inc.
868fv5ctb,Space Age Closets
868ftjuja,Artisan Signworks
868fw3m6e,Artisan Signworks
868g1ec0e,Paragon Signs and Graphics
868fqmab5,Louisville Custom Signs
868fxn9x5,Madison Sign Studios
868fy2tzd,Victory Sign Company
868gh9n1v,Priority Signs & Graphics
868f6w6qu,Priority Signs & Graphics
868guvm9f,Priority Signs & Graphics
868gh9mvv,Baltimore Signsmiths
868h43kbm,Pure Image Signs and Graphics
868gca87q,Georgetown Signs
868gca87y,Georgetown Signs
868gy2xxw,Georgetown Signs
868h64p6e,Pure Image Signs and Graphics
868hrycxv,Madison Sign Studios
868htpwam,Northeast Sign Company
868htrg3j,Northeast Sign Company
868httrnf,Pure Image Signs and Graphics
868htt4uv,Pure Image Signs and Graphics
868hryejv,Langstaff & Sloan Inc.
868h6mkfk,Pure Image Signs and Graphics
868hug5w7,Artisan Signworks
868hug7ur,Artisan Signworks
868hujrgc,Fresh Coast Signs | Muskegon Signs
868gy2xy4,Georgetown Signs
868gy2yze,Northeast Sign Company
868h353h3,Fresh Coast Signs | Muskegon Signs
868grwv9f,Fresh Coast Signs | Muskegon Signs
868hkvtmy,Saltwater Signworks
868j7knrm,Artisan Signworks
868j7ayhv,Saltwater Signworks
868hztjjf,Fresh Coast Signs | Muskegon Signs
868j7k14q,Langstaff & Sloan Inc.
868j7jpy2,Louisville Custom Signs
868h45tua,Quad City
868h45tuh,Quad City
868gy30np,Quad City
868gy30nv,Quad City
868hkeyfh,Quad City
868hkeygr,Quad City
868hw5mth,Artisan Signworks
868jh54pe,Fresh Coast Signs | Muskegon Signs
868jh7q1r,Fresh Coast Signs | Muskegon Signs
868jhdmky,SKY Custom Signs
868jhgkt8,QC Signs
868jhhbyw,QC Signs
868jhkbfj,Pure Image Signs and Graphics
868jhkxaa,Pure Image Signs and Graphics
868jhn8by,Artisan Signworks
868jhn9t5,Artisan Signworks
868jhwzgx,Major League Signs (Miami Signs)
868jj2ywy,Major League Signs (Miami Signs)
868jj30m0,Georgetown Signs
868jj32w0,Georgetown Signs
868jj3499,Quad City
868jj39nc,Quad City
868jj3b3c,Langstaff & Sloan Inc.
868jjj2tw,Saltwater Signworks
868jjj78y,Louisville Custom Signs
868jjj8wd,Louisville Custom Signs
868jjjc1e,Boston Signs and Graphics
868jjja90,Boston Signs and Graphics
868jjjf06,Northeast Sign Company
868jjjgbv,Northeast Sign Company
868jjjhe0,Madison Sign Studios
868jjjk27,Madison Sign Studios
868hkev7e,Georgetown Signs
868hkev9u,Major League Signs (Miami Signs)
868hkevbx,Major League Signs (Miami Signs)
868hwkv4d,Langstaff & Sloan Inc.
868hwu7tt,QC Signs
868jbzu1c,Fresh Coast Signs | Muskegon Signs
868hwu2pa,Fresh Coast Signs | Muskegon Signs
868hkevhy,Northeast Sign Company
868hwu45w,Georgetown Signs
868h0j6hc,Louisville Custom Signs
868hh5ven,Louisville Custom Signs
868h45ttb,Saltwater Signworks
868hw5buv,SKY Custom Signs
868jvxkxp,Unknown
868hwu5f4,Pure Image Signs and Graphics
868hwkv5t,Madison Sign Studios
868hwu478,Georgetown Signs
868jwdh8w,Madison Sign Studios
868jwdjfa,Madison Sign Studios
868f6w6u2,Signary Custom Signs and Graphics
868f9aec0,"LGL Sign Company, LLC"
868f9aedg,"LGL Sign Company, LLC"
868eu6e6r,"LGL Sign Company, LLC"
868f6w6n1,InceptionPoint Signworks
868eea94d,Touchstone Signs and Graphics
868f6z15x,Touchstone Signs and Graphics
868e2p96k,"LGL Sign Company, LLC"
868f6ynpq,InceptionPoint Signworks
868etaunj,First Impression Signs
868etaup0,First Impression Signs
868etaupa,First Impression Signs
868f7bwbp,First Impression Signs
868f7bwbn,First Impression Signs
868f9aegv,SpeedPro - Dallas
868f9q8ew,SpeedPro - Fort Worth
868f9aeh2,SpeedPro - Dallas
868f9aeqe,SpeedPro - Dallas
868f9afxp,SpeedPro - Dallas
868f9q8f2,SpeedPro - Fort Worth
868f9q8gu,SpeedPro - Fort Worth
868f9q8h3,SpeedPro - Fort Worth
868fhzmz9,SpeedPro - Fort Worth West
868fhzmzf,SpeedPro - Fort Worth West
868dxk0db,Horizon Sign Solutions
868f6w6nt,"LGL Sign Company, LLC"
868f6w6kg,First Impression Signs
868f6w6jd,City Beautiful Signs and Graphics
868etzb16,Horizon Sign Solutions
868eea954,Touchstone Signs and Graphics
868f6w6p0,Lighthouse Sign Co.
868f6w6mn,Horizon Sign Solutions
868f6w7df,Touchstone Signs and Graphics
868f6w717,SpeedPro - Fort Worth
868f6w70j,SpeedPro - Dallas
868fp3z07,Graphicworks Sign Company
868ffqecz,Graphicworks Sign Company
868etcvc3,Touchstone Signs and Graphics
868f6w7ea,Vibrant Sign Studio
868fhzqcg,City Beautiful Signs and Graphics
868fjetqu,City Beautiful Signs and Graphics
868fhzq73,First Impression Signs
868fhzq7e,First Impression Signs
868fhzpxr,Horizon Sign Solutions
868fhm3rc,Lighthouse Sign Co.
868fhm3rn,Lighthouse Sign Co.
868fhzmu4,Touchstone Signs and Graphics
868fhzmuh,Touchstone Signs and Graphics
868fjmea1,Vibrant Sign Studio
868fkatyx,Vibrant Sign Studio
868eu7uzb,"LGL Sign Company, LLC"
868eu7unk,Lighthouse Sign Co.
868eu7uhr,City Beautiful Signs and Graphics
868eu7umb,Horizon Sign Solutions
868f91kzu,Vibrant Sign Studio
868eu7uk0,First Impression Signs
868fjeth1,InceptionPoint Signworks
868ed0qq4,Vibrant Sign Studio
868g06z46,City Beautiful Signs and Graphics
868g06z4a,City Beautiful Signs and Graphics
868g06z4v,City Beautiful Signs and Graphics
868fya22v,Graphicworks Sign Company
868fhzmzv,SpeedPro - Fort Worth West
868fjeu1u,Graphicworks Sign Company
868fjeu1x,Graphicworks Sign Company
868fh3d2r,Graphicworks Sign Company
868fh3d30,Graphicworks Sign Company
868fh3d36,Graphicworks Sign Company
868gd3kqx,SpeedPro - Lake County
868grapm9,First Impression Signs
868g875aa,Vibrant Sign Studio
868guj505,City Beautiful Signs and Graphics
868ha89fa,Horizon Sign Solutions
868graz2m,Vibrant Sign Studio
868guj5dj,SpeedPro - Raleigh Clayton
868grarhn,Lighthouse Sign Co.
868grartm,Lighthouse Sign Co.
868grartr,Lighthouse Sign Co.
868grarzc,"LGL Sign Company, LLC"
868favwt9,SpeedPro - Boston North
868favwvy,Vibrant Sign Studio
868h4y8v2,First Impression Signs
868h4znf8,Vibrant Sign Studio
868hhuyur,Touchstone Signs and Graphics
868hn72ke,Vibrant Sign Studio
868j0vf9j,Vibrant Sign Studio
868jdu2h3,Horizon Sign Solutions
868jgnvyn,"LGL Sign Company, LLC"
868jgjzn8,Horizon Sign Solutions
868f6w6g6,Amazing Signs
868f6w6j0,Circle City Custom Signs
868f6w6kt,Forerunner Signs & Graphics
868fmfazd,Super Custom Sign
868fwygey,Circle City Custom Signs
868fwyj0t,Forerunner Signs & Graphics
868frzjnr,Circle City Custom Signs
868fvz05t,Genesis Signs & Graphics
868fwjxa5,Genesis Signs & Graphics
868ej75z3,Northeast Sign Company
868fwyg2w,Street Style Sign Studio
868fjjhxc,OC Sign Group
868fkweeu,SignScapes
868eu7uqa,Pure Image Signs and Graphics
868eu7uqx,Quad City
868eu7urj,Saltwater Signworks
868f6vvpa,SpeedPro - Fort Worth
868eu7uvx,SSK Signs
868fxygne,Priority Signs & Graphics
868fxyx42,Priority Signs & Graphics
868g09teu,Paragon Signs and Graphics
868g1cb35,Collaborative Sign and Design Inc
868fx0k0q,Northeast Sign Company
868eu7uy3,Vibrant Sign Studio
868g32g1d,Gold Media
868g32mnp,Gold Media
868g32tb4,Gold Media
868g32y64,Gold Media
868g3gw8j,Blackfire Signs
868fzz6q0,Space Age Closets
868fy0ekt,99signs
868g4qeht,SpeedPro - Fort Worth West
868fzp3nb,Kingdom Signs and Graphics
868fz4pbp,Blue Ocean Custom Signs
868et507c,SpeedPro - Addison
868g079h3,SpeedPro - Blountville
868g7yeg1,Unknown
868fxkgdm,Rent a Son
868g8f7ur,Priority Signs & Graphics
868et504q,SpeedPro - Addison
868fx9nqh,Baltimore Signsmiths
868g00gmm,SpeedPro - Boston North
868g07222,Vibrant Sign Studio
868g07227,Vibrant Sign Studio
868g071f4,SpeedPro - Fort Worth
868fz4yfr,Gold Media
868fy0eeu,Captivating Signs
868g80mr5,Indy Sign Factory
868g1ebph,3 Sixty Sign Solutions
868g1ebpn,99signs
868g1ebra,Baltimore Signsmiths
868fzrzvu,SSK Signs
868g00q5e,SpeedPro - Raleigh Clayton
868g079q8,Indy Sign Factory
868fzrcak,Jacksonville Signs & Graphics
868g070uq,Lighthouse Sign Co.
868fy58a1,Kingdom Signs and Graphics
868g1ebtb,Boston Signs and Graphics
868g1ebth,Caliber Signs & Imaging
868g1ebtt,Captivating Signs
868g1ebu7,Circle City Custom Signs
868g1ebue,City Beautiful Signs and Graphics
868g1ebuz,Elite Custom Signs
868g1ebv3,Envision Orlando
868g1ebv9,Excel SignWorks
868g1ebvk,Forerunner Signs & Graphics
868g1ebvf,First Impression Signs
868g1ebvq,Fresh Coast Signs | Muskegon Signs
868g1ebvx,Genesis Signs & Graphics
868g1ebwm,InceptionPoint Signworks
868g1ebw8,Graphicworks Sign Company
868g7xmke,SSK Signs
868g7xpt5,SSK Signs
868g8f6bf,SSK Signs
868g8f6pt,SSK Signs
868g8f6v0,SSK Signs
868g1ec5t,Touchstone Signs and Graphics
868g1ebrq,Blackfire Signs
868g1ebwb,Horizon Sign Solutions
868g1ebwf,Igna Signs and Graphics
868g1ebwu,Indy Sign Factory
868g1ebwx,Jacksonville Signs & Graphics
868g1ebx3,Kingdom Signs and Graphics
868g1ebyp,Louisville Custom Signs
868g1e2rt,99signs
868g76thq,Pure Image Signs and Graphics
868g1e2rz,All American Signs and Graphics
868g1e2t3,Amazing Signs
868g1e2tk,Blue Orbit Sign Studio
868g1e2u1,Celco/Celcook
868g1e2ud,Envision Orlando
868g1e2um,Georgetown Signs
868g1e2uv,Langstaff & Sloan Inc.
868g1e2v9,Majestic Sign Studio
868g1e2vg,Northeast Sign Company
868g1e2vn,Priority Signs & Graphics
868g1e2w0,QC Signs
868g1e2w7,Signs Unlimited
868g1e2wq,SSK Signs
868g1e2x2,True Impact Signs
868g1e2xg,Vital Sign Solutions
868g1e2xk,VizComm Signage Group
868eyurtw,SpeedPro - Boca Raton
868f69y04,Forerunner Signs & Graphics
868g9gtbx,SpeedPro - Blountville
868g0rdyw,Caliber Signs & Imaging
868g9tzxe,Signs Unlimited
868gh9n2q,Unknown
868gh9mux,3 Sixty Sign Solutions
868gh9mvc,All American Signs and Graphics
868gca7uy,Detroit Signs & Graphics
868gcw6t5,Sign Resources NC Inc.
868gh9n3q,SpeedPro - Addison
868gh9mv2,99signs
868gh9mwv,Caliber Signs & Imaging
868gh9mwz,Captivating Signs
868gh9mxh,City Beautiful Signs and Graphics
868gh9my0,Detroit Signs & Graphics
868gh9myr,First Impression Signs
868gh9mz4,Fresh Coast Signs | Muskegon Signs
868gh9mz8,Genesis Signs & Graphics
868gh9mze,Georgetown Signs
868gh9mzm,Graphicworks Sign Company
868gh9n06,InceptionPoint Signworks
868gh9n0m,"LGL Sign Company, LLC"
868gh9n0u,Lighthouse Sign Co.
868gh9n46,SpeedPro - Dallas
868gh9n49,SpeedPro - Fort Worth
868gh9kma,SpeedPro - Greater San Diego
868gh9n4k,SpeedPro - Orlando
868gh9n4u,SpeedPro - Raleigh Clayton
868g1ec03,OC Sign Group
868g1ec2t,SpeedPro - Addison
868g1ec33,SpeedPro - Blountville
868gh9n4g,SpeedPro - Greater San Diego
868g1ec4e,SpeedPro - Orlando
868g1ec5f,Street Style Sign Studio
868g1ec4m,SpeedPro - Raleigh Clayton
868gh9n42,SpeedPro - Chicago Loop
868g1ec5p,Total SignWorks Ltd
868gknpeh,Alemba
868gh9mzv,Igna Signs and Graphics
868gh9mxa,Circle City Custom Signs
868gh9n0f,Kingdom Signs and Graphics
868gh9n0h,Langstaff & Sloan Inc.
868gh9mw2,Blackfire Signs
868gh9myn,Excel SignWorks
868gh9n08,Indy Sign Factory
868gh9n0a,Jacksonville Signs & Graphics
868gh9n0y,Louisville Custom Signs
868gh9n13,Madison Sign Studios
868gh9n1c,Majestic Sign Studio
868gnvfg4,Northeast Sign Company
868gh9n1j,"Pacesetter Signs & Graphics, Inc"
868gh9n1n,Paragon Signs and Graphics
868gh9n31,Sign Resources NC Inc.
868gh9n5r,VizComm Signage Group
868gh9n58,Total SignWorks Ltd
868gh9n54,Super Custom Sign
868gh9n39,Signs Unlimited
868gh9n41,SpeedPro - Boston North
868gh9n3x,SpeedPro - Boca Raton
868gh9n3w,SpeedPro - Blountville
868gh9n3h,Southlake Signs Tampa
868gh9n3a,SignScapes
868gh9n3f,SKY Custom Signs
868gh9n57,Toronto Custom Signs
868gh9n51,Street Style Sign Studio
868grxnfh,SSK Signs
868gh9mwm,Boston Signs and Graphics
868gtnd2g,Unknown
868gh9n2j,Red Robin Masonry
868gh9mxr,Collaborative Sign and Design Inc
868g1e5zj,99signs
868g1e5zx,Amazing Signs
868g1e60p,Celco/Celcook
868g1e639,SSK Signs
868g1e63e,Super Custom Sign
868gh9m7e,Red Robin Masonry
868gh9n5u,Windy City Signs and Graphics
868gand8j,Madison Sign Studios
868gh9n5m,Vital Sign Solutions
868gpw01n,Celco/Celcook
868gan094,Boston Signs and Graphics
868gm22r6,SpeedPro - Addison
868gqdyyz,Gold Media
868gt7c8x,Majestic Sign Studio
868guj58a,Pure Image Signs and Graphics
868guj58h,QC Signs
868guj58u,Quad City
868guj5ay,SKY Custom Signs
868guj5bc,SpeedPro - Addison
868guj5br,SpeedPro - Blountville
868guj5c3,SpeedPro - Boca Raton
868guj5d9,SpeedPro - Orlando
868guj5ez,Toronto Custom Signs
868guj5g8,VizComm Signage Group
868h15hfg,Unknown
868gzuypq,Pawprint Oxygen
868guj4w8,99signs
868guj4we,All American Signs and Graphics
868guj4wx,Amazing Signs
868guj4z4,Caliber Signs & Imaging
868guj518,Elite Custom Signs
868guj51v,Excel SignWorks
868guj52q,Forerunner Signs & Graphics
868guj56w,Majestic Sign Studio
868h443ue,99signs
868h443um,Amazing Signs
868h443uz,Caliber Signs & Imaging
868h443v3,Celco/Celcook
868h443v6,Envision Orlando
868h443v9,Genesis Signs & Graphics
868h443vc,Georgetown Signs
868h443vd,Langstaff & Sloan Inc.
868h443vh,Louisville Custom Signs
868h443vp,Majestic Sign Studio
868h443vx,QC Signs
868h443vz,Signs Unlimited
868h443w3,SignScapes
868h443wd,SSK Signs
868h443wh,True Impact Signs
868h443wn,Victory Sign Company
868h443wu,VizComm Signage Group
868guj5aq,SignScapes
868guj57b,"Pacesetter Signs & Graphics, Inc"
868guj57z,Priority Signs & Graphics
868guj5dv,SSK Signs
868h02htg,Langstaff & Sloan Inc.
868h65dj8,Boston Signs and Graphics
868h7403q,Jacksonville Signs & Graphics
868guj5cx,SpeedPro - Fort Worth
868h78nuz,SpeedPro - Greater San Diego
868guj5ej,Street Style Sign Studio
868guj5fu,Vibrant Sign Studio
868guj5h0,Windy City Signs and Graphics
868h015b2,Langstaff & Sloan Inc.
868guj4zp,Circle City Custom Signs
868guj55w,"LGL Sign Company, LLC"
868guj54x,Indy Sign Factory
868guj555,Jacksonville Signs & Graphics
868h78r1t,Northeast Sign Company
868guj59v,Sign Resources NC Inc.
868guj59p,Saltwater Signworks
868gr972q,VizComm Signage Group
868grak21,Livita
868gy2zeq,Priority Signs & Graphics
868gy2zf5,Priority Signs & Graphics
868guj4yd,Blue Orbit Sign Studio
868guj534,Genesis Signs & Graphics
868h78p94,Unknown
868guj51f,Envision Orlando
868guj574,OC Sign Group
868guj594,Red Robin Masonry
868h01k15,Fresh Coast Signs | Muskegon Signs
868guj5fe,Total SignWorks Ltd
868h73vdy,Circle City Custom Signs
868guj5g2,Vital Sign Solutions
868h443uv,Blue Orbit Sign Studio
868gr6g7p,Majestic Sign Studio
868h6p1hm,SpeedPro - Addison
868gykzdn,QC Signs
868gy3ynf,QC Signs
868hhxqzg,Excel SignWorks
868hhrtw6,Boston Signs and Graphics
868gzt03h,Street Style Sign Studio
868favwh8,Envision Orlando
868hayhdk,Northeast Sign Company
868favwuz,Total SignWorks Ltd
868favwu0,SpeedPro - Raleigh Clayton
868favwek,Amazing Signs
868hayhe9,OC Sign Group
868favwre,SKY Custom Signs
868favwt2,SpeedPro - Blountville
868ha29nh,Priority Signs & Graphics
868favwf4,Blue Orbit Sign Studio
868favwfj,Caliber Signs & Imaging
868favwg7,Circle City Custom Signs
868favwgz,Elite Custom Signs
868fp9z8n,Excel SignWorks
868favwhh,Forerunner Signs & Graphics
868favwhp,Fresh Coast Signs | Muskegon Signs
868favwhy,Genesis Signs & Graphics
868h6prw5,Global Signs & Graphics
868favwj3,Georgetown Signs
868hehqv1,Madison Sign Studios
868favwja,Horizon Sign Solutions
868favwkk,Indy Sign Factory
868favwm1,Jacksonville Signs & Graphics
868hayhej,"Pacesetter Signs & Graphics, Inc"
868favwpb,Pure Image Signs and Graphics
868favwpk,QC Signs
868favwtf,SpeedPro - Dallas
868favwpp,Quad City
868favwqm,Sign Resources NC Inc.
868favwr8,SignScapes
868hfku2v,Saltwater Signworks
868hcmf9j,SpeedPro - Chicago Loop
868favwuu,Toronto Custom Signs
868favwuk,Super Custom Sign
868favwu5,SSK Signs
868hayhv0,SpeedPro - Greater San Diego
868hayhgt,Priority Signs & Graphics
868favwqc,Saltwater Signworks
868hh5va4,Boston Signs and Graphics
868favwn9,Majestic Sign Studio
868favwpy,Red Robin Masonry
868gx45td,Signs Unlimited
868hk9415,SSK Signs
868hayhey,Redheaded Sign Company
868h3uyqt,Celco/Celcook
868h3uyr5,Celco/Celcook
868hmj9ra,SSK Signs
868hmmedu,Caliber Signs & Imaging
868h035ww,Louisville Custom Signs
868hk941g,SSK Signs
868hk94mk,SSK Signs
868hk94qk,SSK Signs
868hk94v9,SSK Signs
868gm230z,SpeedPro - Addison
868gm232v,SpeedPro - Addison
868hkcnje,Vibrant Sign Studio
868h0j6qe,Victory Sign Company
868h4p8uz,SpeedPro - Greater San Diego
868hn71dq,Blue Orbit Sign Studio
868hn71ef,Caliber Signs & Imaging
868hn71fk,Circle City Custom Signs
868hn71k2,Fresh Coast Signs | Muskegon Signs
868hn71kj,Georgetown Signs
868hn71p5,Jacksonville Signs & Graphics
868hn71vk,Red Robin Masonry
868hn71cp,Amazing Signs
868hn71j2,Excel SignWorks
868hn71th,"Pacesetter Signs & Graphics, Inc"
868hn71ta,OC Sign Group
868hn71np,Indy Sign Factory
868hn71ru,Northeast Sign Company
868h605x3,Caliber Signs & Imaging
868hn71ut,Pure Image Signs and Graphics
868hn720v,SpeedPro - Addison
868hn71h6,Elite Custom Signs
868hn71hu,Envision Orlando
868hn71jw,Forerunner Signs & Graphics
868hn71k9,Genesis Signs & Graphics
868hn71mr,Horizon Sign Solutions
868hn72ac,SpeedPro - Greater San Diego
868hn721v,SpeedPro - Blountville
868hn71rf,Majestic Sign Studio
868hn722h,SpeedPro - Boca Raton
868hn723f,SpeedPro - Boston North
868hkyxrk,Forerunner Signs & Graphics
868hh9nd6,Genesis Signs & Graphics
868hn71ub,Priority Signs & Graphics
868hn71v8,Quad City
868hnctcd,Redheaded Sign Company
868hn71wj,Sign Resources NC Inc.
868hr2g8v,Indy Sign Factory
868hn71w7,Saltwater Signworks
868hn72mq,Windy City Signs and Graphics
868hn72dw,SSK Signs
868hn72mb,VizComm Signage Group
868hn72ev,Street Style Sign Studio
868hn71z4,SKY Custom Signs
868hn71v3,QC Signs
868j1aakc,Majestic Sign Studio
868hn71xp,SignScapes
868hn72j3,Total SignWorks Ltd
868hybpa0,Victory Sign Company
868hyff2p,Majestic Sign Studio
868hrra30,ImageTEK Signs and Graphics LLC
868j0veht,Georgetown Signs
868j0vehg,Genesis Signs & Graphics
868j0veck,Amazing Signs
868j0vee4,Caliber Signs & Imaging
868j0vefc,Elite Custom Signs
868j0vefw,Envision Orlando
868j0veg1,Excel SignWorks
868j0vejx,Horizon Sign Solutions
868j0vepv,Majestic Sign Studio
868j9wqv4,GSO Signs (Greensboro)
868jb0rr0,Genesis Signs & Graphics
868hy7q38,GSO Signs (Greensboro)
868j663vu,Majestic Sign Studio
868j0vf4b,SpeedPro - Orlando
868j0vf4k,SpeedPro - Raleigh Clayton
868j0vf51,SSK Signs
868j0vf71,Total SignWorks Ltd
868j0vfa6,VizComm Signage Group
868j0vfae,Windy City Signs and Graphics
868j0vedk,Blue Orbit Sign Studio
868j0vexc,SKY Custom Signs
868j0veu5,Quad City
868j0vetr,QC Signs
868j0very,Priority Signs & Graphics
868j0vetb,Pure Image Signs and Graphics
868j0vewv,SignScapes
868j0vew3,Sign Resources NC Inc.
868j0veqq,OC Sign Group
868j0veqa,Northeast Sign Company
868j0ver5,"Pacesetter Signs & Graphics, Inc"
868j0vev3,Redheaded Sign Company
868j0vevj,Saltwater Signworks
868j0veuk,Red Robin Masonry
868j661dg,Majestic Sign Studio
868j667br,Majestic Sign Studio
868hyxa1g,99signs
868j4merr,Caliber Signs & Imaging
868j5m6t6,Priority Signs & Graphics
868ja7exj,SpeedPro - Raleigh Clayton
868hyb09d,Caliber Signs & Imaging
868hwr6vr,Livita
868j0veew,Circle City Custom Signs
868ja7fc0,Red Robin Masonry
868ja7fxd,Clarity Signworks Inc
868ja7dfx,Forerunner Signs & Graphics
868hybnqc,Victory Sign Company
868hybkqd,Victory Sign Company
868hkcnmm,Vibrant Sign Studio
868hkez1z,GSO Signs (Greensboro)
868hkez44,GSO Signs (Greensboro)
868j0vegj,Forerunner Signs & Graphics
868j0veh6,Fresh Coast Signs | Muskegon Signs
868j0vekh,Indy Sign Factory
868j0vekr,Jacksonville Signs & Graphics
868jhp0yd,SSK Signs
868jhnyd9,Saltwater Signworks
868jceuf9,Caliber Signs & Imaging
868jceux5,Priority Signs & Graphics
868gr972w,VizComm Signage Group
868h3fc3u,VizComm Signage Group
868h3hhz3,Toronto Custom Signs
868h3hhy8,Toronto Custom Signs
868hwr6d9,Circle City Custom Signs
868h6j0k9,Pure Image Signs and Graphics
868hkevdv,Northeast Sign Company
868eqab2j,Madison Sign Studios
868debxjt,Majestic Sign Studio
868deux19,Majestic Sign Studio
868dy5hfe,Majestic Sign Studio
868dy5p0g,Majestic Sign Studio
868dt2fad,"LGL Sign Company, LLC"
868d8jyhb,Majestic Sign Studio
868axqgcy,VizComm Signage Group
868au2gur,VizComm Signage Group
868cw8c5r,VizComm Signage Group
868e0hbgc,Majestic Sign Studio
868e0xjeu,VizComm Signage Group
868e0xjwb,VizComm Signage Group
868e0hktf,Lighthouse Sign Co.
868e0jb65,Lighthouse Sign Co.
868e0y2vf,City Beautiful Signs and Graphics
868e0y3hk,City Beautiful Signs and Graphics
868cebjur,Lancaster Chown & Welch LLP (LCW)
868cebjrr,Lancaster Chown & Welch LLP (LCW)
868cqqtgp,Lancaster Chown & Welch LLP (LCW)
868b0hqa7,Lancaster Chown & Welch LLP (LCW)
868b0hqa4,Lancaster Chown & Welch LLP (LCW)
868b0hqad,Lancaster Chown & Welch LLP (LCW)
868dx9m1d,Paragon Signs and Graphics
868dx9m8v,Paragon Signs and Graphics
868dx9rhb,Vital Sign Solutions
868dx9re5,Vital Sign Solutions
868dm4n42,Langstaff & Sloan Inc.
868dm4n40,Langstaff & Sloan Inc.
868dy2bg1,True Impact Signs
868dy2bbq,True Impact Signs
868dxwvum,Signs Unlimited
868drhe4v,"LGL Sign Company, LLC"
868e29hm7,"LGL Sign Company, LLC"
868e2bv11,"LGL Sign Company, LLC"
868d3mepv,Majestic Sign Studio
868d3meq8,Majestic Sign Studio
868ax103a,Lighthouse Sign Co.
868dfynz8,Lighthouse Sign Co.
868d5u1g4,Lighthouse Sign Co.
868axmqb1,City Beautiful Signs and Graphics
868axmqay,City Beautiful Signs and Graphics
868ckb5pg,City Beautiful Signs and Graphics
868cy9br6,Paragon Signs and Graphics
868cy9brw,Paragon Signs and Graphics
868cy9bt8,Paragon Signs and Graphics
868cy9bra,Paragon Signs and Graphics
868bfh4h3,Majestic Sign Studio
868dt2fb1,Majestic Sign Studio
868dkrmhq,VizComm Signage Group
868dt2faq,Lighthouse Sign Co.
868dt2fm1,VizComm Signage Group
868dt2fjt,True Impact Signs
868ckb63u,City Beautiful Signs and Graphics
868cw8c59,VizComm Signage Group
868ecxx48,City Beautiful Signs and Graphics
868ecxx6q,City Beautiful Signs and Graphics
868dx9mkc,Paragon Signs and Graphics
868dx9mrt,Paragon Signs and Graphics
868e2ubjq,Majestic Sign Studio
868dvepdw,Lancaster Chown & Welch LLP (LCW)
868dvepdd,Lancaster Chown & Welch LLP (LCW)
868egxz3m,"LGL Sign Company, LLC"
868egy720,"LGL Sign Company, LLC"
868dkmdbq,VizComm Signage Group
868dkwqnt,VizComm Signage Group
868dmrxea,City Beautiful Signs and Graphics
868dmt71h,City Beautiful Signs and Graphics
868dmt7pu,City Beautiful Signs and Graphics
868dmtba4,City Beautiful Signs and Graphics
868erfdgx,City Beautiful Signs and Graphics
868erfe23,City Beautiful Signs and Graphics
868erfg9m,Majestic Sign Studio
868erfheh,Majestic Sign Studio
868erfmk5,VizComm Signage Group
868erfpkz,VizComm Signage Group
868erfvjb,Lighthouse Sign Co.
868erfypd,Lighthouse Sign Co.
868erg09a,Paragon Signs and Graphics
868erg2zj,Paragon Signs and Graphics
868eu6bj4,"LGL Sign Company, LLC"
868eu696y,"LGL Sign Company, LLC"
868dkq898,Paragon Signs and Graphics
868dkq89f,Paragon Signs and Graphics
868dkq88w,Paragon Signs and Graphics
868edewup,VizComm Signage Group
868eu5e5z,Majestic Sign Studio
868e0j6dd,Lighthouse Sign Co.
868e0xjv3,VizComm Signage Group
868e0xncb,VizComm Signage Group
868edewrv,Majestic Sign Studio
868eu5f4b,Signs Unlimited
868et2yqa,True Impact Signs
868e2p96g,"LGL Sign Company, LLC"
868f75wx4,Majestic Sign Studio
868f75wyu,Majestic Sign Studio
868f76at4,VizComm Signage Group
868f76jv9,True Impact Signs
868f76jx5,True Impact Signs
868f7ugjq,Paragon Signs and Graphics
868f7unug,Lighthouse Sign Co.
868f7unwf,Lighthouse Sign Co.
868f7uvt1,City Beautiful Signs and Graphics
868f7uvtz,City Beautiful Signs and Graphics
868f7ugtt,Paragon Signs and Graphics
868dy5nrh,Majestic Sign Studio
868dy5z4g,Majestic Sign Studio
868e28myv,True Impact Signs
868f95vgm,"LGL Sign Company, LLC"
868f95vcw,"LGL Sign Company, LLC"
868f9662a,Majestic Sign Studio
868fhff1m,Majestic Sign Studio
868fhff4j,Majestic Sign Studio
868fhfrud,VizComm Signage Group
868fhfrwa,VizComm Signage Group
868e0hjba,Majestic Sign Studio
868d55hvz,Toronto Custom Signs
868fhf81v,Toronto Custom Signs
868fhyj1j,True Impact Signs
868fhyj42,True Impact Signs
868f9j7dy,VizComm Signage Group
868f6w6pp,Majestic Sign Studio
868f6w7e0,True Impact Signs
868ftc3zg,Majestic Sign Studio
868fvbprm,Majestic Sign Studio
868fzucu1,Majestic Sign Studio
868fzucvn,Majestic Sign Studio
868fzuj2x,VizComm Signage Group
868fzuj43,VizComm Signage Group
868fzzg0e,The Auto Boutique
868fzzg0j,The Auto Boutique
868fzzgt0,True Impact Signs
868fzzgt3,True Impact Signs
868fzzjvm,Toronto Custom Signs
868fzzjw1,Toronto Custom Signs
868e9p0w3,Toronto Custom Signs
868e9p0w8,Toronto Custom Signs
868etqwa4,Toronto Custom Signs
868etqwbe,Toronto Custom Signs
868fau022,Toronto Custom Signs
868fau01p,Toronto Custom Signs
868eu7unv,Majestic Sign Studio
868erfjbf,Majestic Sign Studio
868eezuaf,Majestic Sign Studio
868erfjbj,Majestic Sign Studio
868f7629n,Majestic Sign Studio
868f7688a,Majestic Sign Studio
868f76gn0,VizComm Signage Group
868eezuad,Majestic Sign Studio
868ej75ku,Majestic Sign Studio
868fqawf0,True Impact Signs
868fhyqb3,True Impact Signs
868fhyqbe,True Impact Signs
868f76nnf,True Impact Signs
868f76qj3,True Impact Signs
868fqawbt,Majestic Sign Studio
868fj4684,VizComm Signage Group
868fj468j,VizComm Signage Group
868gf1b16,Majestic Sign Studio
868gf1b4h,Majestic Sign Studio
868gf1kdv,VizComm Signage Group
868gf1khr,VizComm Signage Group
868gf24g0,True Impact Signs
868gf24k9,True Impact Signs
868gfffr0,Toronto Custom Signs
868gffft2,Toronto Custom Signs
868gfftxa,The Auto Boutique
868gfftyj,The Auto Boutique
868fj45wy,Majestic Sign Studio
868fj45x1,Majestic Sign Studio
868fkun4c,Toronto Custom Signs
868fkun4e,Toronto Custom Signs
868gm2yxg,VizComm Signage Group
868gjheaj,Majestic Sign Studio
868gr6eqj,Majestic Sign Studio
868gm2z00,VizComm Signage Group
868gr97wd,Toronto Custom Signs
868gr97z2,Toronto Custom Signs
868gx0bc0,Majestic Sign Studio
868h294f3,Global Signs & Graphics
868h294qp,Global Signs & Graphics
868h29dkf,Global Signs & Graphics
868h29dn0,Global Signs & Graphics
868h29dpm,Global Signs & Graphics
868h29dqt,Global Signs & Graphics
868h3eqz6,Majestic Sign Studio
868h3er1v,Majestic Sign Studio
868h3f1np,VizComm Signage Group
868h3f1qk,VizComm Signage Group
868h3fd3r,Toronto Custom Signs
868h3fd8v,Toronto Custom Signs
868gr9jbn,The Auto Boutique
868gr9jft,The Auto Boutique
868fzuh95,Majestic Sign Studio
868fzuh97,Majestic Sign Studio
868gf1k3u,Majestic Sign Studio
868gf1k41,Majestic Sign Studio
868fzun12,VizComm Signage Group
868gf1vrc,VizComm Signage Group
868gf1vrm,VizComm Signage Group
868gp7qwt,SSK Signs
868gp7vaq,SSK Signs
868gp7tce,SSK Signs
868gfftnt,Toronto Custom Signs
868g00ctw,Toronto Custom Signs
868g00ctr,Toronto Custom Signs
868fj04jb,The Auto Boutique
868fzzgpv,The Auto Boutique
868fzzgq7,The Auto Boutique
868gfg2gy,The Auto Boutique
868gfg2gz,The Auto Boutique
868hef64h,Majestic Sign Studio
868hef65u,Majestic Sign Studio
868hef8k1,VizComm Signage Group
868hef8m2,VizComm Signage Group
868heq3n6,Priority Signs & Graphics
868heq3qq,Priority Signs & Graphics
868heqd8m,SSK Signs
868heqd5w,SSK Signs
868hequpp,Genesis Signs & Graphics
868hequuj,Genesis Signs & Graphics
868gca8h6,Priority Signs & Graphics
868gca8hb,Priority Signs & Graphics
868hh9app,Genesis Signs & Graphics
868hh9eyq,Genesis Signs & Graphics
868hkbrxn,Global Signs & Graphics
868hkbry6,Global Signs & Graphics
868hkbudj,Toronto Custom Signs
868hkbudx,Toronto Custom Signs
868hkc22p,GSO Signs (Greensboro)
868hkc4bn,GSO Signs (Greensboro)
868hkc6ma,GSO Signs (Greensboro)
868hkc6nr,GSO Signs (Greensboro)
868hkcbkw,The Auto Boutique
868hkcbmy,The Auto Boutique
868h3ezxk,Majestic Sign Studio
868hv3pma,VizComm Signage Group
868hwqeyy,SSK Signs
868hwqf3f,SSK Signs
868hwvh35,SSK Signs
868hwvxfk,Majestic Sign Studio
868hwvxmp,Majestic Sign Studio
868hx8ze9,GSO Signs (Greensboro)
868hx9a80,Priority Signs & Graphics
868hx9aad,Priority Signs & Graphics
868hx9uu0,SSK Signs
868hx9v6q,SSK Signs
868hxa7dh,Genesis Signs & Graphics
868hxa7av,Genesis Signs & Graphics
868hxcqh0,VizComm Signage Group
868hxcqjy,VizComm Signage Group
868hx8zj5,GSO Signs (Greensboro)
868hzdkq6,Global Signs & Graphics
868hzdkx4,Global Signs & Graphics
868hzdu1r,The Auto Boutique
868hzdu2y,The Auto Boutique
868hh9r7u,Genesis Signs & Graphics
868gca859,Genesis Signs & Graphics
868gca85m,Genesis Signs & Graphics
868gy3p0t,Genesis Signs & Graphics
868h4qw34,Genesis Signs & Graphics
868hkev4k,Genesis Signs & Graphics
868hkev5y,Genesis Signs & Graphics
868j0t25e,ImageTEK Signs and Graphics LLC
868j0t2jf,ImageTEK Signs and Graphics LLC
868j118qw,ImageTEK Signs and Graphics LLC
868j118kd,ImageTEK Signs and Graphics LLC
868j118kn,ImageTEK Signs and Graphics LLC
868h45tyw,Priority Signs & Graphics
868ha26gt,Priority Signs & Graphics
868h45u8a,SSK Signs
868hkeyrp,SSK Signs
868hkeyv2,SSK Signs
868h3fc3z,VizComm Signage Group
868hefb0z,VizComm Signage Group
868hefb1a,VizComm Signage Group
868hkbx4q,Toronto Custom Signs
868hkbx4x,Toronto Custom Signs
868j65zp8,Majestic Sign Studio
868hkew5v,Priority Signs & Graphics
868hkew7b,Priority Signs & Graphics
868j7zx8k,Genesis Signs & Graphics
868j7zxat,Genesis Signs & Graphics
868j805xk,SSK Signs
868j805yq,SSK Signs
868j809q1,SSK Signs
868j81h9d,Priority Signs & Graphics
868j81hbc,Priority Signs & Graphics
868j81tzh,Priority Signs & Graphics
868j81yyf,GSO Signs (Greensboro)
868j81yzr,GSO Signs (Greensboro)
868j82bny,Majestic Sign Studio
868j82br5,Majestic Sign Studio
868j82nk7,VizComm Signage Group
868j82npd,VizComm Signage Group
868j847fx,VizComm Signage Group
868hueb6e,Majestic Sign Studio
868j9tq7t,ImageTEK Signs and Graphics LLC
868j9tq8d,ImageTEK Signs and Graphics LLC
868hkbua0,Global Signs & Graphics
868hkbua2,Global Signs & Graphics
868j665yq,Majestic Sign Studio
868jjaygz,Toronto Custom Signs
868jjayhm,Toronto Custom Signs
868jjb2z3,Toronto Custom Signs
868jjb2zt,Toronto Custom Signs
868jjb7vc,Toronto Custom Signs
868jjy5pa,Majestic Sign Studio
868jjy5qy,Majestic Sign Studio
868jkp1eb,VizComm Signage Group
868jkpa1w,VizComm Signage Group
868jkpcwg,Genesis Signs & Graphics
868jkpczg,Genesis Signs & Graphics
868jkptfz,Genesis Signs & Graphics
868jkqjc5,Priority Signs & Graphics
868jkqje0,Priority Signs & Graphics
868jkqjjx,Priority Signs & Graphics
868jkryca,SSK Signs
868jkryea,SSK Signs
868jkt3u9,SSK Signs
868jkt6r1,GSO Signs (Greensboro)
868jkt6wr,GSO Signs (Greensboro)
868jm5v3e,Global Signs & Graphics
868jm65pk,ImageTEK Signs and Graphics LLC
868jm65ty,ImageTEK Signs and Graphics LLC
868hxfnzj,SSK Signs
868h45u8p,SSK Signs
868hxfp2y,Genesis Signs & Graphics
868jc00bj,Genesis Signs & Graphics
868hxfp3u,Genesis Signs & Graphics
868hkez2x,GSO Signs (Greensboro)
868hkez4g,GSO Signs (Greensboro)
868hy7q2z,GSO Signs (Greensboro)
868hzdqbb,Global Signs & Graphics
868hzdrw0,Global Signs & Graphics
868h29dff,Global Signs & Graphics
868hefb8q,Majestic Sign Studio
868hefb94,Majestic Sign Studio
868j9emz4,ImageTEK Signs and Graphics LLC
868j9en03,ImageTEK Signs and Graphics LLC
868j9en1f,ImageTEK Signs and Graphics LLC
868j9en2f,ImageTEK Signs and Graphics LLC
868j9en43,ImageTEK Signs and Graphics LLC
868j9en55,ImageTEK Signs and Graphics LLC
868jjb2xg,Toronto Custom Signs
868jjb2xr,Toronto Custom Signs
868jjb7pv,Toronto Custom Signs
868j9b24m,VizComm Signage Group
868j9b23d,VizComm Signage Group
868e29kjz,SpeedPro - Orlando
868erj423,Red Robin Masonry
868erj4eg,Red Robin Masonry
868erj4bv,Red Robin Masonry
868dudp9u,Red Robin Masonry
868efwuh0,Alemba
868fa440k,Alemba
868ftxh85,Red Robin Masonry
868ftxh8g,Red Robin Masonry
868ftxj32,Red Robin Masonry
868ftxj7p,Red Robin Masonry
868ftxj9v,Red Robin Masonry
868fu1mkg,Red Robin Masonry
868fv28ba,Rent a Son
868fwffaf,Celco/Celcook
868fwffj8,Celco/Celcook
868fwffjf,Celco/Celcook
868evz01t,Rent a Son
868evz030,Rent a Son
868f8mf16,Rent a Son
868f8mf1h,Rent a Son
868f8mf2c,Rent a Son
868g0jw08,Celco/Celcook
868g367dt,Rent a Son
868fggn1q,Momentm
868fa0w4x,Red Robin Masonry
868fa0w5e,Red Robin Masonry
868fcmmpf,Alemba
868fcmmpp,Alemba
868fk28j4,Alemba
868fk39qw,Alemba
868f6v7q2,Red Robin Masonry
868e4afem,Busology
868cw8mdv,Red Robin Masonry
868cw8mfj,Red Robin Masonry
868fk3b55,Rent a Son
868gc40qf,Celco/Celcook
868gc40vj,Celco/Celcook
868gc40w7,Celco/Celcook
868fkr4gk,Celco/Celcook
868fkqxyp,Celco/Celcook
868f76kat,Celco/Celcook
868f76nx7,Celco/Celcook
868fkqxxw,Celco/Celcook
868g08a94,Celco/Celcook
868gnt8xz,Red Robin Masonry
868gnt97v,Red Robin Masonry
868gpn6he,Celco/Celcook
868gpnccr,Celco/Celcook
868gpncfd,Celco/Celcook
868g08a9y,Celco/Celcook
868g08b6k,Celco/Celcook
868h3hnc4,Celco/Celcook
868h3hp9z,Celco/Celcook
868h3hpg3,Celco/Celcook
868h58e6r,Alemba
868h58e76,Alemba
868h58fja,Red Robin Masonry
868h58fjj,Red Robin Masonry
868gf281u,Alemba
868hfgpjw,Alemba
868hfgpkn,Alemba
868hfgpm5,Alemba
868hfgpmh,Alemba
868hfgtrx,Alemba
868hg13tq,Celco/Celcook
868hg13v3,Celco/Celcook
868hg13v8,Celco/Celcook
868hg14fa,Celco/Celcook
868hg14fk,Celco/Celcook
868hg14ft,Celco/Celcook
868hg1djb,Red Robin Masonry
868hg1dk4,Red Robin Masonry
868hg1dkg,Red Robin Masonry
868hg1dkx,Red Robin Masonry
868g079mr,Red Robin Masonry
868g079n5,Red Robin Masonry
868gfjfxd,Red Robin Masonry
868gfjfxq,Red Robin Masonry
868grak9z,Red Robin Masonry
868graka7,Red Robin Masonry
868hnacek,Jacksonville Signs & Graphics
868hnach9,Jacksonville Signs & Graphics
868hnaru0,Caliber Signs & Imaging
868hnarzg,Caliber Signs & Imaging
868gca96g,Caliber Signs & Imaging
868gca89h,Lobby Signs Irvine (Caliber)
868gy2yf0,Lobby Signs Irvine (Caliber)
868hq3dtq,Alemba
868grak15,Jacksonville Signs & Graphics
868grak17,Jacksonville Signs & Graphics
868huf43d,Jacksonville Signs & Graphics
868huf466,Jacksonville Signs & Graphics
868hukqq4,Caliber Signs & Imaging
868hukqub,Caliber Signs & Imaging
868grwve2,Caliber Signs & Imaging
868ge8pag,Jacksonville Signs & Graphics
868ge8paw,Jacksonville Signs & Graphics
868gf2822,Alemba
868h49kcw,Lobby Signs Irvine (Caliber)
868h3uyrf,Celco/Celcook
868j1g6m1,Celco/Celcook
868j1gg99,Celco/Celcook
868j1gkq9,Celco/Celcook
868j1gn4d,Celco/Celcook
868j1gfd4,Celco/Celcook
868h73p4h,Red Robin Masonry
868h73p7x,Red Robin Masonry
868j7cjcv,Celco/Celcook
868j7ckb9,Celco/Celcook
868j7cm8z,Celco/Celcook
868j86eka,Red Robin Masonry
868j86f75,Red Robin Masonry
868j87a11,Caliber Signs & Imaging
868j87a5r,Caliber Signs & Imaging
868j87umn,Jacksonville Signs & Graphics
868j87ur3,Jacksonville Signs & Graphics
868h605v3,Caliber Signs & Imaging
868hbukmv,Red Robin Masonry
868hbukna,Red Robin Masonry
868hjdz38,Red Robin Masonry
868hjdz1d,Red Robin Masonry
868hwkz4b,Caliber Signs & Imaging
868jkrxup,Celco/Celcook
868jkrz4p,Celco/Celcook
868jkrz8g,Celco/Celcook
868jm02n7,Red Robin Masonry
868jm02pr,Red Robin Masonry
868jp8c29,Caliber Signs & Imaging
868jp8c2u,Caliber Signs & Imaging
868jq4n78,Jacksonville Signs & Graphics
868jq4nd9,Jacksonville Signs & Graphics
868hbukkb,Jacksonville Signs & Graphics
868hbukkn,Jacksonville Signs & Graphics
868hwr6nm,Jacksonville Signs & Graphics
868hwr6qf,Jacksonville Signs & Graphics
868huhh7k,Celco/Celcook
868huhh99,Celco/Celcook
868huhhj1,Celco/Celcook
868huhhju,Celco/Celcook
868huhhkv,Celco/Celcook
868huhhmb,Celco/Celcook
868bc5dbn,Celco/Celcook
868bc5dcc,Celco/Celcook
868bc5dd6,Celco/Celcook
868bh7a2k,First Impression Signs
868bh7a34,First Impression Signs
868bh7ab7,Gold Media
868bh7dq7,Sign Resources NC Inc.
868bh7dty,Sign Resources NC Inc.
868bh7duf,Sign Resources NC Inc.
868bh7f8x,Total SignWorks Ltd
868bh7f93,Total SignWorks Ltd
868ayc4xb,Louisville Custom Signs
868bh7aav,Gold Media
868dnn1py,Celco/Celcook
868dnn1rn,Celco/Celcook
868d5u3e1,Lighthouse Sign Co.
868d5a2hv,Vision Visual
868d5a2ht,Vision Visual
868d59teu,Celco/Celcook
868d6tdf4,SignScapes
868d6tdfz,SignScapes
868cyzmdq,True Impact Signs
868cyzme8,True Impact Signs
868dt2f4u,Boston Signs and Graphics
868dt2fdm,Signs Unlimited
868cy964k,Boston Signs and Graphics
868dkq64y,Boston Signs and Graphics
868dt2fcx,Rent a Son
868dkq65a,Boston Signs and Graphics
868dkq65e,Boston Signs and Graphics
868drarzg,Celco/Celcook
868dmejqc,Lighthouse Sign Co.
868dmfuh5,Lighthouse Sign Co.
868dff7dz,Majestic Sign Studio
868dq2dqd,Majestic Sign Studio
868dff7d0,Majestic Sign Studio
868dudpa8,Red Robin Masonry
868drau2a,Rent a Son
868e245ff,Rent a Son
868dverm2,Sign Resources NC Inc.
868dvermn,Sign Resources NC Inc.
868dudpe3,SignScapes
868dudpf7,SignScapes
868dncz5r,True Impact Signs
868dncz62,True Impact Signs
868e1v6ef,Boston Signs and Graphics
868e1v6ew,Boston Signs and Graphics
868e1v6f9,Boston Signs and Graphics
868e1vfdv,OC Sign Group
868e41wkd,Red Robin Masonry
868e41wkn,Red Robin Masonry
868e41wm7,Red Robin Masonry
868e22haq,Rent a Son
868e22ham,Rent a Son
868e22hap,Rent a Son
868e4cjrx,Sign Resources NC Inc.
868e4cjt2,Sign Resources NC Inc.
868e4cjt9,Sign Resources NC Inc.
868e4cjtb,Sign Resources NC Inc.
868e29dxd,SignScapes
868e29dxg,SignScapes
868e28mz0,True Impact Signs
868dz772z,Celco/Celcook
868dz7730,Celco/Celcook
868e0jdzg,Lighthouse Sign Co.
868e2p96h,"LGL Sign Company, LLC"
868dveqga,OC Sign Group
868ectke7,Celco/Celcook
868emvutg,Celco/Celcook
868eed8e3,Rent a Son
868eed8e7,Rent a Son
868eed8ek,Rent a Son
868ed0npw,OC Sign Group
868egy9xz,"LGL Sign Company, LLC"
868emvuu2,Celco/Celcook
868ed0hah,Red Robin Masonry
868ed0hb1,Red Robin Masonry
868efu8dp,Alemba
868efu8du,Alemba
868f28k2c,Alemba
868euq0tg,Alemba
868euq0tk,Alemba
868etz5tb,Boston Signs and Graphics
868etz5tf,Boston Signs and Graphics
868etz63u,Boston Signs and Graphics
868evbcah,Celco/Celcook
868evbcaq,Celco/Celcook
868evyqvr,InceptionPoint Signworks
868erfzc8,Lighthouse Sign Co.
868etav4b,OC Sign Group
868erfr6z,VizComm Signage Group
868erfr71,VizComm Signage Group
868eu676h,True Impact Signs
868eu676t,True Impact Signs
868eu676u,True Impact Signs
868eu676w,True Impact Signs
868eu676z,True Impact Signs
868eu6772,True Impact Signs
868eu6774,True Impact Signs
868eu677a,True Impact Signs
868etwzz9,SignScapes
868ew3m47,The Auto Boutique
868f7bx3m,OC Sign Group
868f7c14k,Boston Signs and Graphics
868f76jb3,The Auto Boutique
868f76dyf,VizComm Signage Group
868f9ack8,Boston Signs and Graphics
868fa5erv,Vibrant Sign Studio
868fk6muk,Alemba
868fk6mug,Alemba
868fjmeak,Excel SignWorks
868fjetjt,"LGL Sign Company, LLC"
868fhzpf2,"LGL Sign Company, LLC"
868fhzp2e,Signary Custom Signs and Graphics
868fjeu0x,Graphicworks Sign Company
868fj04j6,The Auto Boutique
868fpvvuf,Excel SignWorks
868fk71vc,SKY Custom Signs
868ffbde4,SKY Custom Signs
868fmxf84,Boston Signs and Graphics
868fmxf8a,Boston Signs and Graphics
868fa37kk,Rent a Son
868fa37e1,Rent a Son
868ftfbkh,SKY Custom Signs
868ftf84d,SKY Custom Signs
868fujncp,Artisan Signworks
868fujqxq,Artisan Signworks
868fujrgz,Artisan Signworks
868fzrtcz,Alemba
868fz4x8j,Excel SignWorks
868fz0buy,Alemba
868fz0ak2,Alemba
868etmwz6,Rent a Son
868etmwff,Rent a Son
868fzrteb,Alemba
868fka7dg,Rent a Son
868fk6mjc,Rent a Son
868fa315c,Rent a Son
868g0re0v,Priority Signs & Graphics
868g07138,"LGL Sign Company, LLC"
868g070ut,Lighthouse Sign Co.
868g68tjw,Street Style Sign Studio
868fy1e13,Boston Signs and Graphics
868fy14xk,Boston Signs and Graphics
868fy1qp8,Rent a Son
868g070ka,Graphicworks Sign Company
868g070kk,Graphicworks Sign Company
868g0715d,Signary Custom Signs and Graphics
868fzzjj2,True Impact Signs
868fzzjj4,True Impact Signs
868g4r86h,Unknown
868fzry4f,SKY Custom Signs
868fzry59,SKY Custom Signs
868fmzx3p,Rent a Son
868gef7gk,True Impact Signs
868g80ytb,MMR
868gd210c,Celco/Celcook
868gd20zt,Celco/Celcook
868gd2101,Celco/Celcook
868gd3j3x,Graphicworks Sign Company
868gd3k52,"LGL Sign Company, LLC"
868gd3jx8,Lighthouse Sign Co.
868gd3jxk,Lighthouse Sign Co.
868gfftp5,Toronto Custom Signs
868gca8pn,SKY Custom Signs
868ggzd58,SKY Custom Signs
868gf281m,Alemba
868gf281v,Alemba
868gake7p,Paragon Signs and Graphics
868ganddg,Madison Sign Studios
868ganecc,Madison Sign Studios
868grwvh9,Alemba
868gqdu0u,Excel SignWorks
868grwvhd,Alemba
868gner8t,Boston Signs and Graphics
868gnev9k,Boston Signs and Graphics
868h371ra,SpeedPro - Columbus
868h371rn,SpeedPro -  Dayton
868gpwf1t,Celco/Celcook
868gpwf1z,Celco/Celcook
868gpwf2k,Celco/Celcook
868graprx,Graphicworks Sign Company
868gr6g9n,Majestic Sign Studio
868gqcabj,Signary Custom Signs and Graphics
868gy31cv,SKY Custom Signs
868gy31cd,SKY Custom Signs
868gramdk,SpeedPro - Chicago Loop
868gramdy,SpeedPro - Chicago Loop
868h4z6p7,Graphicworks Sign Company
868h4zmqw,Lighthouse Sign Co.
868h4zmr3,Lighthouse Sign Co.
868h3ezx6,Majestic Sign Studio
868h45tyx,Priority Signs & Graphics
868hcaumu,MMR
868hcatkj,MMR
868h3erat,OC Sign Group
868hbukrp,SpeedPro - Chicago Loop
868h3hucx,The Auto Boutique
868h3hudv,The Auto Boutique
868h5a0yp,Alemba
868h5a0yw,Alemba
868hkeupd,Alemba
868hh581j,Excel SignWorks
868hkeurt,Alemba
868hkeymj,SKY Custom Signs
868hkeynz,SKY Custom Signs
868hkgt1t,SpeedPro - Greater San Diego
868hkcea1,The Auto Boutique
868hkcea7,The Auto Boutique
868hwkt95,OC Sign Group
868hx3j3y,OC Sign Group
868hzdy7f,The Auto Boutique
868hze979,The Auto Boutique
868hwkuvj,Boston Signs and Graphics
868hwr7fn,SpeedPro - Chicago Loop
868hwkuw7,Boston Signs and Graphics
868j9b0q3,Celco/Celcook
868j9b0qx,Celco/Celcook
868j96npa,OC Sign Group
868j96npm,OC Sign Group
868j9b1yn,Majestic Sign Studio
868j9b0u5,Celco/Celcook
868j96nfa,Excel SignWorks
868j89g0h,Boston Signs and Graphics
868j89g29,Boston Signs and Graphics
868j9b1vv,Majestic Sign Studio
868j9b22n,VizComm Signage Group
868j9bruv,Clarity Signworks Inc
868j9b1x5,Majestic Sign Studio
868jbztuq,GSO Signs (Greensboro)
868j9enj9,SpeedPro - Chicago Loop
868jbztvd,GSO Signs (Greensboro)
868jc0wep,Priority Signs & Graphics
868jc0wfd,Priority Signs & Graphics
868jc0wg1,Priority Signs & Graphics
868jjb7q9,Toronto Custom Signs
868jmug4w,SKY Custom Signs
868jjbayy,Toronto Custom Signs
868jmncm2,Boston Signs and Graphics
868jmncx0,Boston Signs and Graphics
868jmtu1q,Priority Signs & Graphics
868jkt8ge,VizComm Signage Group
868jkt8et,VizComm Signage Group
868jkt8k2,VizComm Signage Group
868jkt7p0,Majestic Sign Studio
868jkt8vu,Majestic Sign Studio
868jjbazr,Toronto Custom Signs
868aydamg,CarePatrol Denver
868auck92,CarePatrol Denver
868aw0v6x,Unknown
868aw3qua,Unknown
868aw6454,Unknown
868av6tpu,Gold Media
868axmrby,Gold Media
868auq9u4,Igna Signs and Graphics
868auq9ug,Igna Signs and Graphics
868auqa5b,Indy Sign Factory
868auqa4y,Indy Sign Factory
868auqa50,Indy Sign Factory
868auqa4g,Indy Sign Factory
868b3z0c2,Space Age Closets
868cy9b8p,Langstaff & Sloan Inc.
868cy9b8u,Langstaff & Sloan Inc.
868d62rcy,Lobby Signs Irvine (Caliber)
868cy9d7t,Vital Sign Solutions
868cy9d80,Vital Sign Solutions
868cy9d8d,Vital Sign Solutions
868cy9d97,Vital Sign Solutions
868d7fgw7,Caliber Signs & Imaging
868d7fgwg,Caliber Signs & Imaging
868d7fgxv,Caliber Signs & Imaging
868d7fgyg,Caliber Signs & Imaging
868cnf7ra,Dragon Taekwondo
868cnf7rb,Dragon Taekwondo
868d27ktc,Genesis Signs & Graphics
868d27ku4,Genesis Signs & Graphics
868d3ce0e,Georgetown Signs
868d3ce0v,Georgetown Signs
868d62qrh,Horizon Sign Solutions
868d62qrv,Horizon Sign Solutions
868cy9bgj,Louisville Custom Signs
868cy9bh0,Louisville Custom Signs
868cy9bhh,Louisville Custom Signs
868cy9bhv,Louisville Custom Signs
868d3meqb,Majestic Sign Studio
868d3chpz,Major League Signs (Miami Signs)
868d3chqx,Major League Signs (Miami Signs)
868d62rey,Northeast Sign Company
868d62rfh,Northeast Sign Company
868d5a6mc,Rent a Son
868d5a28z,Rent a Son
868d62t9u,Saltwater Signworks
868d62ta6,Saltwater Signworks
868cy9bx2,Signs Unlimited
868cy9bzq,Southlake Signs Tampa
868cy92e7,3 Sixty Sign Solutions
868cy9bxa,Signs Unlimited
868d62t61,Quad City
868d62t74,Quad City
868cy9c0c,Southlake Signs Tampa
868cy9c00,Southlake Signs Tampa
868cy9c3p,Space Age Closets
868cy9c5e,Space Age Closets
868cyb3ha,Victory Sign Company
868cy9cdw,Victory Sign Company
868d5a2fc,Vision Visual
868d5a2g5,Vision Visual
868dt2f2n,3 Sixty Sign Solutions
868dt2f3n,Artisan Signworks
868dt2f50,Caliber Signs & Imaging
868dt2f86,Fresh Coast Signs | Muskegon Signs
868dt2fbp,Paragon Signs and Graphics
868dhgtyc,3 Sixty Sign Solutions
868dkqc0r,3 Sixty Sign Solutions
868dt2f2x,99signs
868dt2f3w,Baltimore Signsmiths
868dt2f9z,Langstaff & Sloan Inc.
868dt2fd7,Saltwater Signworks
868dt2fej,Space Age Closets
868dt2faw,Louisville Custom Signs
868dt2f4d,Blackfire Signs
868dt2f66,Detroit Signs & Graphics
868dt2fe4,Southlake Signs Tampa
868dkqc1c,3 Sixty Sign Solutions
868dkq59j,99signs
868dkq59w,99signs
868dt2f4j,Blue Orbit Sign Studio
868dt2f56,Captivating Signs
868dt2f6g,Elite Custom Signs
868dkq5a1,99signs
868dkq5rc,Baltimore Signsmiths
868dt2f89,Genesis Signs & Graphics
868dt2f8p,Georgetown Signs
868dt2f95,Horizon Sign Solutions
868dt2f9q,Jacksonville Signs & Graphics
868dt2fkh,Visual Signs and Graphics
868dt2fgf,SSK Signs
868dt2fgj,SSK Signs
868dt2fbv,Priority Signs & Graphics
868dt2fjz,Vibrant Sign Studio
868dkq5h4,Artisan Signworks
868dkq5h8,Artisan Signworks
868dkq5r5,Baltimore Signsmiths
868dkq5t1,Baltimore Signsmiths
868dkq5rg,Quad City
868dkq5zm,Blackfire Signs
868dkq5zu,Blackfire Signs
868dkq60e,Blackfire Signs
868dkq60m,Blackfire Signs
868dkq6ba,Captivating Signs
868dkq6br,Captivating Signs
868dkq6bx,Captivating Signs
868dkq6c3,Captivating Signs
868dt2fjj,Touchstone Signs and Graphics
868dt2f61,Collaborative Sign and Design Inc
868dkq706,Langstaff & Sloan Inc.
868dkq70p,Langstaff & Sloan Inc.
868dt2fkr,Vital Sign Solutions
868dqxhfu,Detroit Signs & Graphics
868dqxhnr,Detroit Signs & Graphics
868drazer,Saltwater Signworks
868dqxrnz,Saltwater Signworks
868dkq9fh,Vital Sign Solutions
868dkq9fv,Vital Sign Solutions
868dkq9g5,Vital Sign Solutions
868dkq9gg,Vital Sign Solutions
868dqxhxh,Fresh Coast Signs | Muskegon Signs
868dqxhxx,Fresh Coast Signs | Muskegon Signs
868dkq7nr,Louisville Custom Signs
868dkq7p9,Louisville Custom Signs
868dkq7q1,Louisville Custom Signs
868dqxuab,Louisville Custom Signs
868dhgve7,Signs Unlimited
868dhgvep,Signs Unlimited
868dqxv6a,Touchstone Signs and Graphics
868dqxv6w,Touchstone Signs and Graphics
868dqxj7k,Genesis Signs & Graphics
868dqxj6r,Genesis Signs & Graphics
868d7fh2k,Caliber Signs & Imaging
868d7fh07,Caliber Signs & Imaging
868dkq8u5,Space Age Closets
868dkq8ug,Space Age Closets
868dqxjxj,Horizon Sign Solutions
868dqxjxt,Horizon Sign Solutions
868dqxmu6,Major League Signs (Miami Signs)
868dqxmu8,Major League Signs (Miami Signs)
868dqxn26,Northeast Sign Company
868dqxn3j,Northeast Sign Company
868dqxn7k,Priority Signs & Graphics
868dqxn7y,Priority Signs & Graphics
868dqxnaz,Pure Image Signs and Graphics
868dqxnb9,Pure Image Signs and Graphics
868dqxney,QC Signs
868dqxnf7,QC Signs
868dqxnfk,QC Signs
868dqxnhq,Quad City
868dqxnhf,Quad City
868dqxv54,SSK Signs
868dqxv56,SSK Signs
868dkq6kv,Dragon Taekwondo
868dkq6ky,Dragon Taekwondo
868dkq6me,Dragon Taekwondo
868dqxjej,Georgetown Signs
868dqxjf2,Georgetown Signs
868dr8yb6,Lobby Signs Irvine (Caliber)
868dr8ybc,Lobby Signs Irvine (Caliber)
868dtgt8p,Lobby Signs Irvine (Caliber)
868dtgt9c,Lobby Signs Irvine (Caliber)
868dkq8mc,Southlake Signs Tampa
868dkq8mu,Southlake Signs Tampa
868dkq8n7,Southlake Signs Tampa
868dhgwa4,Victory Sign Company
868dhgwau,Victory Sign Company
868dj4ey5,US Jetting
868dj4eyb,US Jetting
868e0y21n,US Jetting
868e0y2c5,US Jetting
868e8w1qc,Detroit Signs & Graphics
868e8w1mz,Baltimore Signsmiths
868e8w1xg,Saltwater Signworks
868e8w224,Visual Signs and Graphics
868e1uyvm,3 Sixty Sign Solutions
868e1uyvy,3 Sixty Sign Solutions
868e1v0xc,99signs
868e1v0xt,99signs
868e1v0yh,99signs
868e1v0y8,99signs
868e8w1m7,All American Signs and Graphics
868e1v4fw,Baltimore Signsmiths
868e1v4gn,Baltimore Signsmiths
868e1v4gz,Baltimore Signsmiths
868e1v4ht,Baltimore Signsmiths
868e1v56p,Blackfire Signs
868e1v561,Blackfire Signs
868e1v56j,Blackfire Signs
868e1v56q,Blackfire Signs
868e1v75t,Captivating Signs
868e1v75z,Captivating Signs
868e1v76m,Captivating Signs
868e1v76v,Captivating Signs
868dy9r47,Detroit Signs & Graphics
868dy9r4h,Detroit Signs & Graphics
868dy9rx6,Genesis Signs & Graphics
868dy9rxc,Genesis Signs & Graphics
868dyne8r,Genesis Signs & Graphics
868dj4exu,US Jetting
868e8w1nr,Boston Signs and Graphics
868e8w1yj,SKY Custom Signs
868e8w1kr,3 Sixty Sign Solutions
868e8w1pa,Captivating Signs
868e8w1qg,Elite Custom Signs
868e8w1rb,Fresh Coast Signs | Muskegon Signs
868e8w1rz,Georgetown Signs
868e8w1t9,Horizon Sign Solutions
868e8w1u3,Jacksonville Signs & Graphics
868e8w21z,Vibrant Sign Studio
868e8w1n9,Blackfire Signs
868e1vj4r,Paragon Signs and Graphics
868e1vj51,Paragon Signs and Graphics
868e8w1w7,Paragon Signs and Graphics
868e8w1m0,99signs
868e8w1mp,Artisan Signworks
868e8w1p0,Caliber Signs & Imaging
868e8w1nf,Blue Orbit Sign Studio
868e8w1rv,Genesis Signs & Graphics
868e8w1un,Langstaff & Sloan Inc.
868e8w1v5,Lighthouse Sign Co.
868e8w1vf,Louisville Custom Signs
868e8w1yw,Southlake Signs Tampa
868e8w1q0,Collaborative Sign and Design Inc
868e8w1vr,Majestic Sign Studio
868e8w1z3,Space Age Closets
868e8w20g,SSK Signs
868e8w20p,SSK Signs
868e8w21n,Touchstone Signs and Graphics
868e8w21w,True Impact Signs
868e8w1we,Priority Signs & Graphics
868e1v46u,Artisan Signworks
868e1v477,Artisan Signworks
868e1v47m,Artisan Signworks
868e8w22b,Vital Sign Solutions
868e8w1uy,"LGL Sign Company, LLC"
868dr8trt,Signs Unlimited
868e269n4,Saltwater Signworks
868e6xy05,SpeedPro - Boston North
868dyngt4,Priority Signs & Graphics
868dyngra,Priority Signs & Graphics
868dy9rbe,Fresh Coast Signs | Muskegon Signs
868dy9rbj,Fresh Coast Signs | Muskegon Signs
868dy9rbr,Fresh Coast Signs | Muskegon Signs
868dy9rc4,Fresh Coast Signs | Muskegon Signs
868dveqgp,OC Sign Group
868dveqgy,OC Sign Group
868dveqhm,OC Sign Group
868dy9v80,Horizon Sign Solutions
868dy9v8a,Horizon Sign Solutions
868e28nq6,Langstaff & Sloan Inc.
868e28nqe,Langstaff & Sloan Inc.
868e1vfzx,Louisville Custom Signs
868e1vg06,Louisville Custom Signs
868e1vg0f,Louisville Custom Signs
868e28jzn,Signs Unlimited
868e28jzz,Signs Unlimited
868dya2v8,QC Signs
868dya2wf,QC Signs
868dznpw7,Caliber Signs & Imaging
868dznpwb,Caliber Signs & Imaging
868d7fh0j,Caliber Signs & Imaging
868d7fh25,Caliber Signs & Imaging
868e28j5r,Dragon Taekwondo
868e28j67,Dragon Taekwondo
868e28j6f,Dragon Taekwondo
868dya9nv,Saltwater Signworks
868dya9mj,Saltwater Signworks
868dy9v55,Georgetown Signs
868dy9v5j,Georgetown Signs
868dz5yvz,Lobby Signs Irvine (Caliber)
868dz5ywh,Lobby Signs Irvine (Caliber)
868dz5yzj,Lobby Signs Irvine (Caliber)
868dz5z13,Lobby Signs Irvine (Caliber)
868dy9w7n,Major League Signs (Miami Signs)
868dy9w7z,Major League Signs (Miami Signs)
868dya139,Northeast Sign Company
868dyh9bc,Northeast Sign Company
868dya13r,Northeast Sign Company
868dya140,Northeast Sign Company
868dya2ue,Pure Image Signs and Graphics
868dya2uj,Pure Image Signs and Graphics
868dyy87y,Quad City
868dznpfc,Quad City
868e1wgb5,Southlake Signs Tampa
868e1wgbn,Southlake Signs Tampa
868e1wgbt,Southlake Signs Tampa
868e28jdr,Space Age Closets
868e28jdu,Space Age Closets
868dya9vt,SSK Signs
868dya9w2,SSK Signs
868dya9yp,Touchstone Signs and Graphics
868dya9yy,Touchstone Signs and Graphics
868dya9z5,Touchstone Signs and Graphics
868eec7av,Victory Sign Company
868eec7bc,Victory Sign Company
868e28pcx,Vital Sign Solutions
868e28pd0,Vital Sign Solutions
868e28pde,Vital Sign Solutions
868e28pdc,Vital Sign Solutions
868ehp0xv,Horizon Sign Solutions
868ehp0xx,Igna Signs and Graphics
868ehp0u3,Baltimore Signsmiths
868ehp0v8,Captivating Signs
868ehp0yz,Louisville Custom Signs
868ehp0w2,Detroit Signs & Graphics
868ehp10m,SpeedPro - Orlando
868ehp11q,Visual Signs and Graphics
868ehp0tp,3 Sixty Sign Solutions
868ecyn2r,Blackfire Signs
868ecyn38,Blackfire Signs
868ecyn3t,Blackfire Signs
868ecyqhu,Langstaff & Sloan Inc.
868ef3ujg,Langstaff & Sloan Inc.
868ehp0x2,Forerunner Signs & Graphics
868ehp0x5,Fresh Coast Signs | Muskegon Signs
868ehp0yw,Langstaff & Sloan Inc.
868ehp0zj,Pure Image Signs and Graphics
868ehp0zh,QC Signs
868ehp0zm,Quad City
868ehp0z7,Paragon Signs and Graphics
868dtcppr,Indy Sign Factory
868eaxwep,3 Sixty Sign Solutions
868eaxxmp,3 Sixty Sign Solutions
868ehp0xu,Georgetown Signs
868ebep60,99signs
868ebep6t,99signs
868eemqv3,Space Age Closets
868eemr23,Space Age Closets
868ehp0u8,Boston Signs and Graphics
868ehp0zg,Priority Signs & Graphics
868ehp0xt,Genesis Signs & Graphics
868ehp0w1,Collaborative Sign and Design Inc
868ehp109,SpeedPro - Blountville
868ecyn5v,Boston Signs and Graphics
868ecyn62,Boston Signs and Graphics
868ecyn69,Boston Signs and Graphics
868ehp0ub,Caliber Signs & Imaging
868ehp100,Rent a Son
868ehp0z3,Majestic Sign Studio
868ehp0zx,Saltwater Signworks
868ehp0zy,Signs Unlimited
868ehp110,Super Custom Sign
868ehp11r,VizComm Signage Group
868ehp115,Street Style Sign Studio
868errxnv,Saltwater Signworks
868ecyjdr,Baltimore Signsmiths
868ecyje9,Baltimore Signsmiths
868ecyjed,Baltimore Signsmiths
868ecjhfp,Caliber Signs & Imaging
868ecjhfq,Caliber Signs & Imaging
868ehp0yy,Lighthouse Sign Co.
868ehp11a,Touchstone Signs and Graphics
868ehp11k,True Impact Signs
868ehp10p,SSK Signs
868ehp10r,SSK Signs
868ehp106,Southlake Signs Tampa
868ehp0tk,99signs
868ehp0u6,Blackfire Signs
868emcprr,SKY Custom Signs
868ecjhga,Detroit Signs & Graphics
868ecjhgd,Detroit Signs & Graphics
868eea9v1,Fresh Coast Signs | Muskegon Signs
868eea9vh,Fresh Coast Signs | Muskegon Signs
868ehp11t,Vital Sign Solutions
868ecxtrh,Dragon Taekwondo
868ecxtub,Dragon Taekwondo
868ecxtuj,Dragon Taekwondo
868ecjhjm,Georgetown Signs
868ecjhjt,Georgetown Signs
868ecjj14,Saltwater Signworks
868ecjj15,Saltwater Signworks
868ecxrr2,Signs Unlimited
868ecxrrc,Signs Unlimited
868eea98x,SKY Custom Signs
868eea992,SKY Custom Signs
868ecjhmq,Horizon Sign Solutions
868ecjhmv,Horizon Sign Solutions
868dznphh,Lobby Signs Irvine (Caliber)
868dznphm,Lobby Signs Irvine (Caliber)
868eeg377,Louisville Custom Signs
868eeg37d,Louisville Custom Signs
868eeg37j,Louisville Custom Signs
868ecjhw9,Major League Signs (Miami Signs)
868ecjhvq,Major League Signs (Miami Signs)
868eea9j9,Northeast Sign Company
868eea9k1,Northeast Sign Company
868eay3fk,Victory Sign Company
868eay3ft,Victory Sign Company
868eay3fz,Victory Sign Company
868eeg38q,Paragon Signs and Graphics
868eeg38u,Paragon Signs and Graphics
868efu8cw,Alemba
868efu8cz,Alemba
868ecyr5g,Southlake Signs Tampa
868ecyr5u,Southlake Signs Tampa
868ecyr66,Southlake Signs Tampa
868eea96a,SSK Signs
868eea96t,SSK Signs
868ed0j6z,SSK Signs
868e8kv2z,SpeedPro - Addison
868edex6k,Priority Signs & Graphics
868edex79,Priority Signs & Graphics
868edex6t,Priority Signs & Graphics
868ecjhz6,Pure Image Signs and Graphics
868ecjhzj,Pure Image Signs and Graphics
868ecjj00,QC Signs
868ecjj03,QC Signs
868ecjj09,Quad City
868ecjj0a,Quad City
868ecxr8f,True Impact Signs
868ecxr8j,True Impact Signs
868ecxr8n,True Impact Signs
868ecyu8a,Vital Sign Solutions
868ecyu8q,Vital Sign Solutions
868ecyu91,Vital Sign Solutions
868ecyu93,Vital Sign Solutions
868eezy3y,VizComm Signage Group
868eezy3w,VizComm Signage Group
868ea6ua0,Space Age Closets
868ew3m41,The Auto Boutique
868etpu6c,99signs
868etpu63,99signs
868etpu6u,99signs
868etpu76,99signs
868evwt97,Priority Signs & Graphics
868evwwt4,Priority Signs & Graphics
868evwza8,Priority Signs & Graphics
868f01rmy,The Auto Boutique
868etpur4,Artisan Signworks
868etq11y,Blackfire Signs
868etq12p,Blackfire Signs
868etq131,Blackfire Signs
868etq136,Blackfire Signs
868eurnnr,Captivating Signs
868eurnny,Captivating Signs
868eurnp5,Captivating Signs
868eurnp9,Captivating Signs
868eurghp,Dragon Taekwondo
868eurghv,Dragon Taekwondo
868etbz40,Genesis Signs & Graphics
868etbz3u,Genesis Signs & Graphics
868eurneg,Langstaff & Sloan Inc.
868eurne6,Langstaff & Sloan Inc.
868etzcxm,Major League Signs (Miami Signs)
868etzcxv,Major League Signs (Miami Signs)
868etbzfr,Pure Image Signs and Graphics
868etbzfw,Pure Image Signs and Graphics
868eurmnz,Space Age Closets
868eurmpa,Space Age Closets
868dxjxn1,Baltimore Signsmiths
868dxjyb3,Boston Signs and Graphics
868dxk27f,Paragon Signs and Graphics
868dxk6f9,VizComm Signage Group
868dxjzbn,Detroit Signs & Graphics
868dxk03r,Genesis Signs & Graphics
868dxk08p,Georgetown Signs
868eurn8a,Louisville Custom Signs
868eurn8p,Louisville Custom Signs
868eurn8x,Louisville Custom Signs
868etbzac,Northeast Sign Company
868etbzbn,Northeast Sign Company
868etbzbt,Northeast Sign Company
868dxjtj9,99signs
868dxjyp1,Captivating Signs
868et9kqz,Paragon Signs and Graphics
868et9kra,Paragon Signs and Graphics
868etbzd5,Priority Signs & Graphics
868etbze1,Priority Signs & Graphics
868dxjzxr,Fresh Coast Signs | Muskegon Signs
868dxk1jn,Majestic Sign Studio
868dxk2ap,Priority Signs & Graphics
868dxk2j8,QC Signs
868dxk3k0,Signs Unlimited
868dxk3vm,Southlake Signs Tampa
868dxk5vj,True Impact Signs
868etpuhh,Baltimore Signsmiths
868etpuj2,Baltimore Signsmiths
868etpujc,Baltimore Signsmiths
868etpujj,Baltimore Signsmiths
868ckb5jg,City Beautiful Signs and Graphics
868cv6jdc,Lobby Signs Irvine (Caliber)
868dveqg4,OC Sign Group
868dxk408,Space Age Closets
868em5qr9,SKY Custom Signs
868dxgurc,3 Sixty Sign Solutions
868dxjygu,Caliber Signs & Imaging
868etza8m,Detroit Signs & Graphics
868etza8u,Detroit Signs & Graphics
868etza90,Detroit Signs & Graphics
868etnua0,Fresh Coast Signs | Muskegon Signs
868etbyzw,Fresh Coast Signs | Muskegon Signs
868etbz05,Fresh Coast Signs | Muskegon Signs
868etzawa,Fresh Coast Signs | Muskegon Signs
868etbz73,Georgetown Signs
868etbz7q,Georgetown Signs
868dxk10w,Langstaff & Sloan Inc.
868dxk2dv,Pure Image Signs and Graphics
868dxk2mb,Quad City
868dxk5pq,Touchstone Signs and Graphics
868dxxjzg,Vital Sign Solutions
868et47wq,Lobby Signs Irvine (Caliber)
868et47x2,Lobby Signs Irvine (Caliber)
868dxjxrx,Blackfire Signs
868etbzvv,QC Signs
868etbzz1,QC Signs
868etzd1h,QC Signs
868eup9dv,QC Signs
868etzeu9,Quad City
868etzeuz,Quad City
868dxk1er,Louisville Custom Signs
868etcv2f,Saltwater Signworks
868etnwdm,Saltwater Signworks
868et9m1p,Signs Unlimited
868et9m1y,Signs Unlimited
868eve1rv,SKY Custom Signs
868eurn63,Southlake Signs Tampa
868eurn65,Southlake Signs Tampa
868etcvch,Touchstone Signs and Graphics
868eurjz1,Vital Sign Solutions
868eurjzb,Vital Sign Solutions
868eurjzh,Vital Sign Solutions
868eurjzp,Vital Sign Solutions
868euexhz,Caliber Signs & Imaging
868f9acv0,Captivating Signs
868f9acv5,Captivating Signs
868f9acbp,Artisan Signworks
868f9acc1,Artisan Signworks
868f9554d,Detroit Signs & Graphics
868f9554v,Detroit Signs & Graphics
868f95557,Detroit Signs & Graphics
868f71cgb,Fresh Coast Signs | Muskegon Signs
868f71bz5,Fresh Coast Signs | Muskegon Signs
868f9550b,Alemba
868f9550g,Alemba
868fat6tm,Baltimore Signsmiths
868fat6u0,Baltimore Signsmiths
868f9ad3x,Dragon Taekwondo
868f71chn,Genesis Signs & Graphics
868f71cj4,Genesis Signs & Graphics
868f71ckt,Georgetown Signs
868f71ckz,Georgetown Signs
868f9ad5e,Langstaff & Sloan Inc.
868f9ad62,Langstaff & Sloan Inc.
868f9adbk,Louisville Custom Signs
868f9adbw,Louisville Custom Signs
868f9hwa5,Blackfire Signs
868f9hwa6,Blackfire Signs
868fat6r4,99signs
868f71cp8,Major League Signs (Miami Signs)
868f71cpb,Major League Signs (Miami Signs)
868f71cq6,Pure Image Signs and Graphics
868f71cqw,Pure Image Signs and Graphics
868f95582,QC Signs
868f95587,QC Signs
868f9558m,QC Signs
868fat6qy,99signs
868f7c16t,Madison Sign Studios
868f7c16z,Madison Sign Studios
868f71dz4,Northeast Sign Company
868f71dz9,Northeast Sign Company
868f71dyz,Northeast Sign Company
868f71dxh,Priority Signs & Graphics
868f71dxr,Priority Signs & Graphics
868f71dxv,Priority Signs & Graphics
868f71dd8,Quad City
868f71dd9,Quad City
868f9rq5m,Southlake Signs Tampa
868fat71r,Southlake Signs Tampa
868f7c188,Signs Unlimited
868f7c189,Signs Unlimited
868f76jb6,The Auto Boutique
868f532r1,Victory Sign Company
868f7c1dh,Victory Sign Company
868f71dea,Saltwater Signworks
868f71dee,Saltwater Signworks
868f9adq1,Paragon Signs and Graphics
868f9adqb,Paragon Signs and Graphics
868fecu20,Kingdom Signs and Graphics
868fecu1y,Kingdom Signs and Graphics
868f71df3,SSK Signs
868f71df4,SSK Signs
868f6w6gn,Baltimore Signsmiths
868f6w6hu,Captivating Signs
868f6w6jz,Detroit Signs & Graphics
868f6w6mf,Georgetown Signs
868f6w6ng,Kingdom Signs and Graphics
868f6w6p8,Louisville Custom Signs
868f6w6pe,Madison Sign Studios
868f6w6qh,Paragon Signs and Graphics
868ffbd1h,Lobby Signs Irvine (Caliber)
868f6w6fz,3 Sixty Sign Solutions
868f6w6hp,Caliber Signs & Imaging
868ffbdee,SKY Custom Signs
868f6w6m8,Genesis Signs & Graphics
868fecu73,Space Age Closets
868ffbd18,Lobby Signs Irvine (Caliber)
868f6w6r2,Pure Image Signs and Graphics
868f6w6ve,SKY Custom Signs
868f6w6wx,Southlake Signs Tampa
868f6w6ta,Rent a Son
868f6w6xc,Space Age Closets
868f6w7c4,Toronto Custom Signs
868f6w6g1,99signs
868f6w7g0,Vital Sign Solutions
868f6w7gw,VizComm Signage Group
868f6w6tj,Saltwater Signworks
868f6w6gw,Blackfire Signs
868fbzk00,Saltwater Signworks
868f6w75w,SSK Signs
868faw8a2,Sign Resources NC Inc.
868f5r81b,99signs
868f5r81m,All American Signs and Graphics
868f5r826,Amazing Signs
868f5r82z,Blue Orbit Sign Studio
868f5r83d,Caliber Signs & Imaging
868f5r83x,Celco/Celcook
868f5r84h,Envision Orlando
868f5r850,Genesis Signs & Graphics
868f5r85e,Georgetown Signs
868f5r85v,Langstaff & Sloan Inc.
868f5r86a,Louisville Custom Signs
868f5r86t,Majestic Sign Studio
868f5r875,Northeast Sign Company
868f5r87n,Priority Signs & Graphics
868f5r87y,QC Signs
868f5r89a,Signs Unlimited
868f5r89t,SignScapes
868f5r8a4,SSK Signs
868f5r8ab,Super Custom Sign
868f5r8ak,True Impact Signs
868f5r8b2,Victory Sign Company
868fknyhe,3 Sixty Sign Solutions
868fk6zzm,Caliber Signs & Imaging
868fh35wg,Dragon Taekwondo
868fh35x2,Dragon Taekwondo
868fknyvq,Blackfire Signs
868fknyw3,Blackfire Signs
868fh35md,Artisan Signworks
868fh35my,Artisan Signworks
868fk707x,Fresh Coast Signs | Muskegon Signs
868fk708f,Fresh Coast Signs | Muskegon Signs
868fk720x,Quad City
868fk7217,Quad City
868fknyyp,Captivating Signs
868fknyyt,Captivating Signs
868fknyz1,Captivating Signs
868fk72kq,Major League Signs (Miami Signs)
868fk72kx,Major League Signs (Miami Signs)
868fh38c2,Signs Unlimited
868fh38cg,Signs Unlimited
868fk7014,Detroit Signs & Graphics
868fk7025,Detroit Signs & Graphics
868fk72jf,Lobby Signs Irvine (Caliber)
868fk70b0,Georgetown Signs
868fk70aj,Georgetown Signs
868fk72hm,Northeast Sign Company
868fk72hb,Northeast Sign Company
868fknyuv,99signs
868fknyuz,99signs
868fk726b,Priority Signs & Graphics
868fk7265,Priority Signs & Graphics
868fmetnw,Louisville Custom Signs
868fmetp4,Louisville Custom Signs
868fknyva,Baltimore Signsmiths
868fknyvd,Baltimore Signsmiths
868fk70d3,Genesis Signs & Graphics
868fk70cy,Genesis Signs & Graphics
868fh385m,Madison Sign Studios
868fk725k,Pure Image Signs and Graphics
868fk7258,Pure Image Signs and Graphics
868fknz00,Kingdom Signs and Graphics
868fknz04,Kingdom Signs and Graphics
868fknz09,Kingdom Signs and Graphics
868fknz0b,Kingdom Signs and Graphics
868fknz1n,Space Age Closets
868fnb9pu,3 Sixty Sign Solutions
868fknz0t,Paragon Signs and Graphics
868fknz0y,Paragon Signs and Graphics
868fk7233,QC Signs
868fk722t,QC Signs
868fk71wg,Saltwater Signworks
868fk71w4,Saltwater Signworks
868fknz2c,Vital Sign Solutions
868fknz2n,Vital Sign Solutions
868fknz2r,Vital Sign Solutions
868fnb9qc,Southlake Signs Tampa
868fnb9qe,Southlake Signs Tampa
868fnb9r1,Southlake Signs Tampa
868ftc7ue,Artisan Signworks
868ftcg7h,Artisan Signworks
868ftct30,Artisan Signworks
868fk28dx,Alemba
868fk39ad,Alemba
868eu7uf8,3 Sixty Sign Solutions
868eu7ufc,99signs
868eu7ugc,Boston Signs and Graphics
868eu7uyw,Amazing Signs
868eu7ugk,Caliber Signs & Imaging
868eu7uhx,Collaborative Sign and Design Inc
868eu7uj5,Detroit Signs & Graphics
868eu7ujf,Elite Custom Signs
868eu7ujt,Envision Orlando
868eu7ukw,Fresh Coast Signs | Muskegon Signs
868eu7ukx,Genesis Signs & Graphics
868eu7ugz,Captivating Signs
868eu7v0d,Kingdom Signs and Graphics
868eu7uq4,Priority Signs & Graphics
868eu7uz2,Total SignWorks Ltd
868eu7uw7,SSK Signs
868eu7um5,Georgetown Signs
868eu7uzv,Madison Sign Studios
868eu7upv,Paragon Signs and Graphics
868eu7ury,Signs Unlimited
868eu7uth,Southlake Signs Tampa
868eu7uu1,Space Age Closets
868fvzagm,Genesis Signs & Graphics
868fwk7ft,Genesis Signs & Graphics
868fwk077,Genesis Signs & Graphics
868eu7unb,Langstaff & Sloan Inc.
868fhky1j,OC Sign Group
868fxnfqr,Madison Sign Studios
868fxnfrq,Madison Sign Studios
868fxnfxm,Madison Sign Studios
868eu7uqm,QC Signs
868fqaw7e,99signs
868fqaw7m,All American Signs and Graphics
868fqaw84,Amazing Signs
868fqaw8g,Blackfire Signs
868fqaw8x,Blue Orbit Sign Studio
868fqaw99,Caliber Signs & Imaging
868fqaw9e,Celco/Celcook
868fqaw9q,Envision Orlando
868fqawa5,Genesis Signs & Graphics
868fqawah,Georgetown Signs
868fqawap,Langstaff & Sloan Inc.
868fqawc6,Northeast Sign Company
868fu6tmw,Paragon Signs and Graphics
868fqawd3,QC Signs
868fqawdf,Signs Unlimited
868fqawdv,SignScapes
868fqawe3,SSK Signs
868fqaweh,Super Custom Sign
868fqawga,VizComm Signage Group
868eu7ug4,Blackfire Signs
868eu7upj,"Pacesetter Signs & Graphics, Inc"
868eu7ur2,Red Robin Masonry
868eu7ut5,SignScapes
868eu7uzm,SKY Custom Signs
868eu7uxc,Touchstone Signs and Graphics
868eu7uxw,True Impact Signs
868fkweyu,Toronto Digital Marketing Agency
868g00znp,3 Sixty Sign Solutions
868fy0eeb,Artisan Signworks
868fy0hqn,Artisan Signworks
868g00zqw,Blackfire Signs
868g00zr2,Blackfire Signs
868fzrvtv,Fresh Coast Signs | Muskegon Signs
868fzrvu9,Fresh Coast Signs | Muskegon Signs
868fzrwah,Georgetown Signs
868fzrwaz,Georgetown Signs
868fzrwj0,Lobby Signs Irvine (Caliber)
868fxpywt,Madison Sign Studios
868fzrx5g,Pure Image Signs and Graphics
868eu7uz7,Vital Sign Solutions
868fkweyy,Toronto Digital Marketing Agency
868fzrtra,Detroit Signs & Graphics
868fzrtrf,Detroit Signs & Graphics
868fzrw6m,Genesis Signs & Graphics
868fzrw7k,Genesis Signs & Graphics
868g070pt,Horizon Sign Solutions
868fzrx3z,Pure Image Signs and Graphics
868fzrx4f,Pure Image Signs and Graphics
868fx6f2r,Langstaff & Sloan Inc.
868fzrxkq,QC Signs
868fzrxmu,QC Signs
868fzrxpu,Quad City
868fzrxqv,Quad City
868g00zpc,99signs
868g00zq1,99signs
868fx55b1,Signs Unlimited
868fx3xy7,Signs Unlimited
868g0103v,Southlake Signs Tampa
868g01040,Southlake Signs Tampa
868fy3yv1,Space Age Closets
868g079kn,SignScapes
868g079kv,SignScapes
868fy5bye,Paragon Signs and Graphics
868fy5dn8,Paragon Signs and Graphics
868fz57eb,Windy City Signs and Graphics
868fz57ej,Windy City Signs and Graphics
868fzun1p,VizComm Signage Group
868g071vv,Touchstone Signs and Graphics
868g071vz,Touchstone Signs and Graphics
868g071w6,First Impression Signs
868fz56dt,Total SignWorks Ltd
868fz56e4,Total SignWorks Ltd
868g079ax,SpeedPro - Orlando
868g079b6,SpeedPro - Orlando
868g079be,SpeedPro - Orlando
868g079bp,SpeedPro - Orlando
868fz4w6f,Elite Custom Signs
868fz4w6r,Elite Custom Signs
868fzrxum,Saltwater Signworks
868fxrc67,Baltimore Signsmiths
868g079vc,Circle City Custom Signs
868g079vx,Circle City Custom Signs
868g079wq,Circle City Custom Signs
868fzrtmb,First Impression Signs
868fzrtmz,First Impression Signs
868fz4yg2,Gold Media
868fz4ygy,Gold Media
868g070r7,InceptionPoint Signworks
868g071af,SpeedPro - Dallas
868g00q5w,SpeedPro - Raleigh Clayton
868g00q6d,SpeedPro - Raleigh Clayton
868g1ebq2,Amazing Signs
868g1ebt3,Blue Orbit Sign Studio
868fzrwqt,Northeast Sign Company
868fz4zpu,"Pacesetter Signs & Graphics, Inc"
868fzrwnd,Major League Signs (Miami Signs)
868g079p6,Livita
868g079pj,Livita
868g079pq,Livita
868g0akth,SKY Custom Signs
868g81m3p,Collaborative Sign and Design Inc
868g8gyy4,Priority Signs & Graphics
868g8gzqn,Priority Signs & Graphics
868g8h1c1,Priority Signs & Graphics
868g8h0fd,Priority Signs & Graphics
868g1ec6a,Windy City Signs and Graphics
868g1ec63,VizComm Signage Group
868g1ec5x,Vibrant Sign Studio
868g1ec5v,True Impact Signs
868g1ec5m,Toronto Custom Signs
868g1ec5g,Super Custom Sign
868g1ec59,SSK Signs
868g1ec56,SSK Signs
868g1ec43,SpeedPro - Fort Worth West
868g1ec3w,SpeedPro - Fort Worth
868g1ec3n,SpeedPro - Dallas
868g1ec2a,Southlake Signs Tampa
868g1ec26,SKY Custom Signs
868g1ec1z,SignScapes
868g1ec1r,Signs Unlimited
868g1ec1k,Signary Custom Signs and Graphics
868g1ec1g,Sign Resources NC Inc.
868g1ec1c,Saltwater Signworks
868g1ec15,Red Robin Masonry
868g1ec10,Quad City
868g1ec0v,QC Signs
868g1ec0u,Pure Image Signs and Graphics
868g1ec0q,Priority Signs & Graphics
868g1ec09,"Pacesetter Signs & Graphics, Inc"
868g1ebz4,Madison Sign Studios
868g1ec3f,SpeedPro - Boston North
868g1ec38,SpeedPro - Boca Raton
868g1ebye,Lighthouse Sign Co.
868g1eby2,"LGL Sign Company, LLC"
868g1ebxt,Langstaff & Sloan Inc.
868g1ebum,Collaborative Sign and Design Inc
868gcap9w,99signs
868gcapa3,99signs
868gca808,Fresh Coast Signs | Muskegon Signs
868gca9ay,Fresh Coast Signs | Muskegon Signs
868g1ebzk,Majestic Sign Studio
868gcwg0j,All American Signs and Graphics
868gcapax,Blackfire Signs
868gcapaz,Blackfire Signs
868gcapb5,Blackfire Signs
868gacknx,Captivating Signs
868g079wr,Circle City Custom Signs
868g079x9,Circle City Custom Signs
868gcvu8b,Blue Ocean Custom Signs
868gcvu8m,Blue Ocean Custom Signs
868ge8nx9,Blue Orbit Sign Studio
868ge8nxd,Blue Orbit Sign Studio
868ge8nxk,Blue Orbit Sign Studio
868ge8nxr,Blue Orbit Sign Studio
868ge8nxz,Blue Orbit Sign Studio
868ge04u7,SpeedPro - Lake County
868gd3dwx,First Impression Signs
868gd3dxd,First Impression Signs
868gca8ap,Major League Signs (Miami Signs)
868gca8ar,Major League Signs (Miami Signs)
868ge8p09,Forerunner Signs & Graphics
868fq6yek,Forerunner Signs & Graphics
868ge8p3n,Igna Signs and Graphics
868gca8mg,Quad City
868gca8mk,Quad City
868gd3jcq,Horizon Sign Solutions
868ge8p39,Igna Signs and Graphics
868ganc0k,Madison Sign Studios
868gak3at,Paragon Signs and Graphics
868gak7rg,Paragon Signs and Graphics
868ge8pdz,SignScapes
868ge8peb,SignScapes
868ge8q4y,SpeedPro - Boston North
868ge8q5b,SpeedPro - Boston North
868ge8q5w,SpeedPro - Boston North
868ge8q6e,SpeedPro - Boston North
868gd3k5x,SpeedPro - Dallas
868gd3k79,SpeedPro - Fort Worth
868gd3k6z,SpeedPro - Fort Worth
868gd3k72,SpeedPro - Fort Worth
868ge8p9p,Jacksonville Signs & Graphics
868gcw6t7,Sign Resources NC Inc.
868ge8q2d,SpeedPro - Blountville
868ge8q48,SpeedPro - Boca Raton
868ge8qb4,SpeedPro - Raleigh Clayton
868ge8qbn,SpeedPro - Raleigh Clayton
868ge8qcd,SpeedPro - Raleigh Clayton
868ge8qcp,SpeedPro - Raleigh Clayton
868gh9mzr,Horizon Sign Solutions
868gh9n5c,Touchstone Signs and Graphics
868gh9n5f,Vibrant Sign Studio
868gh9n23,Pure Image Signs and Graphics
868gh9n2c,QC Signs
868gh9n2f,Quad City
868gh9n2w,Saltwater Signworks
868gh9n4x,SSK Signs
868gh9n50,SSK Signs
868gh9mvn,Amazing Signs
868gh9mwc,Blue Orbit Sign Studio
868gh9my4,Elite Custom Signs
868gh9mye,Envision Orlando
868gh9myx,Forerunner Signs & Graphics
868ganndr,Kingdom Signs and Graphics
868gd3jd1,InceptionPoint Signworks
868gd3jdc,InceptionPoint Signworks
868ftey7m,Genesis Signs & Graphics
868gca8fg,Northeast Sign Company
868gca8p7,Saltwater Signworks
868gca8pa,Saltwater Signworks
868gd3kfe,Vibrant Sign Studio
868gd3kmr,Vibrant Sign Studio
868gca8r8,SSK Signs
868gf1e5c,Touchstone Signs and Graphics
868gca8hh,Pure Image Signs and Graphics
868gca8hq,Pure Image Signs and Graphics
868gca8kv,QC Signs
868gca8ku,QC Signs
868gf1e68,Touchstone Signs and Graphics
868gd3kby,Touchstone Signs and Graphics
868gamx91,Boston Signs and Graphics
868ge8p9d,Jacksonville Signs & Graphics
868ge8qan,SpeedPro - Orlando
868gcw7h4,Total SignWorks Ltd
868gcw7h1,Total SignWorks Ltd
868gamdag,Baltimore Signsmiths
868ge8pz0,SpeedPro - Addison
868gd3k7n,SpeedPro - Fort Worth West
868ge8q9b,SpeedPro - Greater San Diego
868gpuq0z,Global Signs & Graphics
868gh9n1f,OC Sign Group
868gh9n34,Signary Custom Signs and Graphics
868gefj94,Windy City Signs and Graphics
868gefj9b,Windy City Signs and Graphics
868gefj9e,Windy City Signs and Graphics
868ge8qf5,Street Style Sign Studio
868gam8n2,Baltimore Signsmiths
868gd3k5m,SpeedPro - Dallas
868ganmc9,Kingdom Signs and Graphics
868ge8qf8,Street Style Sign Studio
868gg1yc7,Graphicworks Sign Company
868gann65,Kingdom Signs and Graphics
868ge8q8x,SpeedPro - Greater San Diego
868gq8muu,SpeedPro - Orlando
868ghy0w0,Blue Ocean Custom Signs
868gqc9xz,Captivating Signs
868gqdp7g,Elite Custom Signs
868grapmc,First Impression Signs
868graj6w,Circle City Custom Signs
868gqdyz1,Gold Media
868grajjt,Igna Signs and Graphics
868grajjw,Igna Signs and Graphics
868grajk5,Igna Signs and Graphics
868grajkd,Igna Signs and Graphics
868grajku,Igna Signs and Graphics
868guj52x,Fresh Coast Signs | Muskegon Signs
868guj53g,Georgetown Signs
868grwv9c,Fresh Coast Signs | Muskegon Signs
868grarae,Horizon Sign Solutions
868grarb1,Horizon Sign Solutions
868gzx48j,Genesis Signs & Graphics
868gqe9qh,Sign Resources NC Inc.
868gqe9qf,Sign Resources NC Inc.
868grajfx,Forerunner Signs & Graphics
868gramzy,Super Custom Sign
868gqg9kn,Unknown
868gqg9km,Unknown
868gqc9qw,99signs
868gqc9r0,99signs
868gy291a,Detroit Signs & Graphics
868gy291m,Detroit Signs & Graphics
868gy31mn,SSK Signs
868gy31mr,SSK Signs
868gramvq,SpeedPro - Raleigh Clayton
868ge8p9y,Jacksonville Signs & Graphics
868grakeu,SignScapes
868gndtyw,Baltimore Signsmiths
868gram5n,SpeedPro - Addison
868graj3f,Blue Orbit Sign Studio
868graj3y,Blue Orbit Sign Studio
868graj9h,Circle City Custom Signs
868gqe7ya,"Pacesetter Signs & Graphics, Inc"
868gqe7yd,"Pacesetter Signs & Graphics, Inc"
868gy313z,Saltwater Signworks
868h45tt9,Saltwater Signworks
868gramq3,SpeedPro - Greater San Diego
868gramux,SpeedPro - Orlando
868grarxh,SpeedPro - Dallas
868grawub,SpeedPro - Dallas
868grax54,SpeedPro - Fort Worth
868grax63,SpeedPro - Fort Worth
868grawzn,SpeedPro - Fort Worth West
868gg5tzz,SpeedPro - Fort Worth West
868grajp5,Indy Sign Factory
868grajp9,Indy Sign Factory
868grajq1,Indy Sign Factory
868graxtw,SpeedPro - Lake County
868gramyg,Street Style Sign Studio
868gramyq,Street Style Sign Studio
868gram8p,SpeedPro - Blountville
868grayge,Touchstone Signs and Graphics
868gy2ymp,Major League Signs (Miami Signs)
868gy2zzp,Pure Image Signs and Graphics
868gy3000,Pure Image Signs and Graphics
868graygr,Touchstone Signs and Graphics
868grayg0,Touchstone Signs and Graphics
868grayy7,Vibrant Sign Studio
868graz2u,Vibrant Sign Studio
868gr8868,Windy City Signs and Graphics
868h0j5vc,3 Sixty Sign Solutions
868h0j5xw,99signs
868h0j5yd,99signs
868g1ezem,SpeedPro - Addison
868h752hz,All American Signs and Graphics
868h0j649,Baltimore Signsmiths
868h0j64g,Baltimore Signsmiths
868hbukgv,Circle City Custom Signs
868h0j656,Blackfire Signs
868h0j65p,Blackfire Signs
868h0j665,Blackfire Signs
868h953fm,Priority Signs & Graphics
868gm22n8,SpeedPro - Addison
868h4y807,Georgetown Signs
868h4y80a,Langstaff & Sloan Inc.
868h4y80w,Majestic Sign Studio
868h4y81d,QC Signs
868h4y81u,Signs Unlimited
868h4y820,SignScapes
868h4y82x,SSK Signs
868h4y835,Super Custom Sign
868h4y83a,True Impact Signs
868h4y83z,VizComm Signage Group
868hbukft,Blue Orbit Sign Studio
868hbukg6,Blue Orbit Sign Studio
868hfk909,Louisville Custom Signs
868h0j6a3,Captivating Signs
868h0j6ae,Captivating Signs
868hbukv4,Street Style Sign Studio
868hbukvm,Street Style Sign Studio
868h3epna,Collaborative Sign and Design Inc
868h3epnk,Collaborative Sign and Design Inc
868h3epnw,Collaborative Sign and Design Inc
868h4y8wq,First Impression Signs
868hfgjy5,Madison Sign Studios
868h353hg,Fresh Coast Signs | Muskegon Signs
868h4a0h1,Genesis Signs & Graphics
868h35da1,Genesis Signs & Graphics
868h9jjzt,Gold Media
868h9jk88,Gold Media
868h0j6en,Kingdom Signs and Graphics
868h4zj99,Horizon Sign Solutions
868ha0u0g,SpeedPro - Boca Raton
868hbzvac,Northeast Sign Company
868gm22vn,SpeedPro - Addison
868gm22y3,SpeedPro - Addison
868gzt04v,Street Style Sign Studio
868gzt05h,Street Style Sign Studio
868gzt067,Street Style Sign Studio
868gzt072,Street Style Sign Studio
868h4zjbm,InceptionPoint Signworks
868h4zjcb,InceptionPoint Signworks
868hbukhu,Indy Sign Factory
868hbukj4,Indy Sign Factory
868hbukja,Indy Sign Factory
868hbukjn,Indy Sign Factory
868gafcad,Langstaff & Sloan Inc.
868hbukm1,Livita
868hbukm6,Livita
868hbukma,Livita
868h45tz9,Northeast Sign Company
868h45tzb,Northeast Sign Company
868h0j6m5,Paragon Signs and Graphics
868h0j6mc,Paragon Signs and Graphics
868h45txq,Pure Image Signs and Graphics
868h45tyc,Pure Image Signs and Graphics
868hbukpc,SpeedPro - Addison
868hbukq1,SpeedPro - Blountville
868hbvzz9,City Beautiful Signs and Graphics
868h3etwk,Sign Resources NC Inc.
868h3etwq,Sign Resources NC Inc.
868gx16tm,Signs Unlimited
868hbuknp,SignScapes
868h45tpp,SKY Custom Signs
868h45tpv,SKY Custom Signs
868h45tq3,SKY Custom Signs
868hbukra,SpeedPro - Boca Raton
868h4zmtt,SpeedPro - Boston North
868h4znad,SpeedPro - Dallas
868h4znag,SpeedPro - Dallas
868hbuktr,SpeedPro - Greater San Diego
868hbukug,SpeedPro - Orlando
868h4zn94,SpeedPro - Raleigh Clayton
868h3v5fe,SpeedPro -  Dayton
868hbukwa,Super Custom Sign
868hbukwk,Super Custom Sign
868h4znct,Touchstone Signs and Graphics
868h4znd7,Touchstone Signs and Graphics
868h9jk4t,Windy City Signs and Graphics
868h9jk4v,Windy City Signs and Graphics
868hh59gz,3 Sixty Sign Solutions
868hh59mv,3 Sixty Sign Solutions
868hh59p1,99signs
868hh59qr,99signs
868hh50kc,All American Signs and Graphics
868hh50kw,All American Signs and Graphics
868hh5v5v,Artisan Signworks
868hh59rm,Baltimore Signsmiths
868hh59t7,Baltimore Signsmiths
868hkhh4t,Blue Ocean Custom Signs
868hh50zz,Blue Ocean Custom Signs
868hh510d,Blue Ocean Custom Signs
868hjdx44,Blue Orbit Sign Studio
868hjdx4u,Blue Orbit Sign Studio
868hh59x1,Captivating Signs
868hh59yu,Captivating Signs
868hh59xw,Captivating Signs
868hjdxtz,Circle City Custom Signs
868h4p8x3,Unknown
868h4p8z1,Unknown
868hjdy36,Forerunner Signs & Graphics
868hjdze4,SpeedPro - Addison
868hkeuzt,Fresh Coast Signs | Muskegon Signs
868hkev1h,Fresh Coast Signs | Muskegon Signs
868hjdymu,Livita
868hjdyr2,Livita
868hjdyp9,Livita
868hhuru5,SpeedPro - Fort Worth
868hh5v6n,Artisan Signworks
868hkev8f,Georgetown Signs
868hkheke,Gold Media
868hh5a2g,Kingdom Signs and Graphics
868hwkz2t,Caliber Signs & Imaging
868hkgkuw,Indy Sign Factory
868hkgkx0,Indy Sign Factory
868hjdzkm,SpeedPro - Blountville
868hjdzxy,SpeedPro - Boca Raton
868hhurkg,SpeedPro - Boston North
868hkey95,Pure Image Signs and Graphics
868hkf8jd,Pure Image Signs and Graphics
868hkeyd2,QC Signs
868hkeye4,QC Signs
868hh5a9c,Sign Resources NC Inc.
868hh5a9u,Sign Resources NC Inc.
868hkvtn6,Saltwater Signworks
868hh5a55,Signs Unlimited
868hh5a5q,Signs Unlimited
868hkgm37,SignScapes
868hkgm4v,SignScapes
868hhuu25,SpeedPro - Lake County
868hkgmdt,SpeedPro - Orlando
868hhuwz3,SpeedPro - Raleigh Clayton
868hkgmhz,Street Style Sign Studio
868hkgmm0,Street Style Sign Studio
868hxemrd,VizComm Signage Group
868hxepya,VizComm Signage Group
868hh5a4a,Paragon Signs and Graphics
868hxeufw,VizComm Signage Group
868hxf05w,VizComm Signage Group
868hxet6b,VizComm Signage Group
868hr2g91,Indy Sign Factory
868hr2g90,Indy Sign Factory
868hw5mdf,3 Sixty Sign Solutions
868hw5mg7,3 Sixty Sign Solutions
868hytyzx,Captivating Signs
868hw5mke,99signs
868hwkpgd,All American Signs and Graphics
868hwkph4,All American Signs and Graphics
868hwkq7k,Amazing Signs
868hwkq99,Amazing Signs
868hwkq85,Amazing Signs
868hw5my3,Baltimore Signsmiths
868hw5myr,Blue Ocean Custom Signs
868hwkqf0,Blue Ocean Custom Signs
868hkb4pp,SpeedPro - Chicago Loop
868hwr6af,Blue Orbit Sign Studio
868hwr6bj,Blue Orbit Sign Studio
868hwkz61,Caliber Signs & Imaging
868hwkz79,Caliber Signs & Imaging
868hx3j51,Envision Orlando
868hx3j56,Envision Orlando
868hwkrfu,Excel SignWorks
868hwr6t4,Jacksonville Signs & Graphics
868hwr6tz,Jacksonville Signs & Graphics
868hwr6x1,Livita
868hwu4b0,Major League Signs (Miami Signs)
868hwu4d0,Major League Signs (Miami Signs)
868hjdz5d,Red Robin Masonry
868hjdz7q,Red Robin Masonry
868hwku4e,Sign Resources NC Inc.
868hwku79,Sign Resources NC Inc.
868hwr6ft,Forerunner Signs & Graphics
868hwr6jh,Indy Sign Factory
868hwr6mw,Indy Sign Factory
868hxfp0v,Priority Signs & Graphics
868hxfp23,Priority Signs & Graphics
868hwu5fy,Pure Image Signs and Graphics
868hwr74u,SpeedPro - Addison
868hwr76j,SpeedPro - Blountville
868hwr78v,SpeedPro - Boca Raton
868hw5d42,SpeedPro - Boston North
868hx2987,Redheaded Sign Company
868hx2apb,Redheaded Sign Company
868hycy45,VizComm Signage Group
868hycy58,VizComm Signage Group
868hwraxw,SpeedPro - Greater San Diego
868hwraz6,SpeedPro - Orlando
868hw5e4d,SpeedPro - Raleigh Clayton
868j89fxa,Artisan Signworks
868j89fye,Artisan Signworks
868j9eprv,Circle City Custom Signs
868j6yhju,Baltimore Signsmiths
868j6yhmw,Baltimore Signsmiths
868j6yhnw,Baltimore Signsmiths
868j6yhq2,Baltimore Signsmiths
868j6yhr6,Baltimore Signsmiths
868j6yhut,Blackfire Signs
868j6yhwj,Blackfire Signs
868j5bez1,3 Sixty Sign Solutions
868j5bf5p,3 Sixty Sign Solutions
868hkcnnq,Vibrant Sign Studio
868j96n31,All American Signs and Graphics
868j96n39,All American Signs and Graphics
868j96n4k,Amazing Signs
868j96n4r,Amazing Signs
868j96n4z,Amazing Signs
868j96n5v,Blue Ocean Custom Signs
868j96n62,Blue Ocean Custom Signs
868j96n6f,Blue Ocean Custom Signs
868j9epw4,Blue Orbit Sign Studio
868j9epy3,Blue Orbit Sign Studio
868hr2g93,Indy Sign Factory
868hr2g95,Indy Sign Factory
868j6yhxz,Captivating Signs
868j6yj06,Captivating Signs
868j96ndk,Envision Orlando
868j96ne4,Envision Orlando
868j8t1jn,First Impression Signs
868j9epnt,Forerunner Signs & Graphics
868jc010h,Genesis Signs & Graphics
868j9ep85,Jacksonville Signs & Graphics
868j9epah,Jacksonville Signs & Graphics
868j6yj9g,Madison Sign Studios
868jbzt9j,Caliber Signs & Imaging
868jbztap,Caliber Signs & Imaging
868hnaw2p,Redheaded Sign Company
868hnaw3m,Redheaded Sign Company
868hkgt3c,SpeedPro - Chicago Loop
868j9ybdk,ImageTEK Signs and Graphics LLC
868j9ezbd,Redheaded Sign Company
868j9f1h9,Redheaded Sign Company
868jc0uz4,Windy City Signs and Graphics
868j96na3,Elite Custom Signs
868j9enmx,SpeedPro - Addison
868j9enku,SpeedPro - Blountville
868jc0gb8,Georgetown Signs
868jc0gce,Georgetown Signs
868j9epdk,Indy Sign Factory
868j9epfj,Indy Sign Factory
868j6yj4q,Kingdom Signs and Graphics
868j6yj63,Kingdom Signs and Graphics
868j6yj7h,Kingdom Signs and Graphics
868j89gda,Louisville Custom Signs
868j89ger,Louisville Custom Signs
868jc0gpr,Major League Signs (Miami Signs)
868jc0h0h,Major League Signs (Miami Signs)
868jccj3r,Northeast Sign Company
868jcd7rv,Northeast Sign Company
868j96nqm,"Pacesetter Signs & Graphics, Inc"
868j96nqu,"Pacesetter Signs & Graphics, Inc"
868jc0wh3,Pure Image Signs and Graphics
868jc0wu3,Pure Image Signs and Graphics
868jc0wvj,Quad City
868jc16ky,Quad City
868j9tq8w,ImageTEK Signs and Graphics LLC
868j9enwz,Red Robin Masonry
868j9enyu,Red Robin Masonry
868j6yjga,Signs Unlimited
868j6yjt0,Vital Sign Solutions
868j6yjr8,Vital Sign Solutions
868j6yjpd,Victory Sign Company
868j9enqb,SignScapes
868j9entg,SignScapes
868j6yjjb,Southlake Signs Tampa
868j6yjkp,Southlake Signs Tampa
868j9enjy,SpeedPro - Boca Raton
868j9engr,SpeedPro - Greater San Diego
868j9enf9,SpeedPro - Orlando
868j9enbe,Super Custom Sign
868j9end2,Super Custom Sign
868jcev9h,VizComm Signage Group
868jceuzt,Saltwater Signworks
868jqhcmx,Madison Sign Studios
868j6yjbh,Paragon Signs and Graphics
868j6yjcu,Paragon Signs and Graphics
868j6yje3,Paragon Signs and Graphics
868jceufx,Circle City Custom Signs
868jceuyq,Red Robin Masonry
868jmnb66,3 Sixty Sign Solutions
868jmncd0,3 Sixty Sign Solutions
868jmncyq,Captivating Signs
868jmncd7,Artisan Signworks
868jceueb,Blue Orbit Sign Studio
868jmncd9,Artisan Signworks
868jgez72,Langstaff & Sloan Inc.
868jgez78,Louisville Custom Signs
868jgez7h,Majestic Sign Studio
868jgez84,Signs Unlimited
868jgez8b,SignScapes
868jpyaa3,Blue Ocean Custom Signs
868jpyah8,Blue Ocean Custom Signs
868jmncfd,Blackfire Signs
868jmncgt,Blackfire Signs
868jmncj5,Blackfire Signs
868jmncjq,Blackfire Signs
868jgez8q,SpeedPro - Chicago Loop
868jgez97,Super Custom Sign
868jgez9b,Victory Sign Company
868jm0vv8,Indy Sign Factory
868jm0vvt,Indy Sign Factory
868jmnczg,Langstaff & Sloan Inc.
868jmnd0f,Louisville Custom Signs
868jmnd2q,Louisville Custom Signs
868jmndjq,Paragon Signs and Graphics
868jmndh3,Paragon Signs and Graphics
868jmndj8,Paragon Signs and Graphics
868jmnd3v,Madison Sign Studios
868jmndga,Madison Sign Studios
868jm0wa3,SpeedPro - Orlando
868jm0vx9,Red Robin Masonry
868jm0vy0,Red Robin Masonry
868ax0e3z,Unknown
868b10wcb,Rent a Son
868jjbwax,Horizon Sign Solutions
868auj85a,Space Age Closets
868aw5fty,SpeedPro - Boca Raton
868auq7ud,Blue Orbit Sign Studio
868auq7v0,Blue Orbit Sign Studio
868aw5fua,SpeedPro - Boca Raton
868auq7vz,Blue Orbit Sign Studio
868auq7wp,Blue Orbit Sign Studio
868auq8bf,Carepatrol West Michigan
868auj8kg,Vital Sign Solutions
868ax9b44,Vital Sign Solutions
868be5x4e,Unknown
868bdbktq,SpeedPro - Raleigh Clayton
868bdbkhz,SpeedPro - Orlando
868bdbkhu,SpeedPro - Orlando
868axmq6k,CarePatrol Denver
868b0y25w,Circle City Custom Signs
868b0y260,Circle City Custom Signs
868b0y267,Circle City Custom Signs
868b0hq68,Clik Clik
868b0hq5q,Clik Clik
868b0hq0b,Clik Clik
868auj5b9,Dragon Taekwondo
868auj5b4,Dragon Taekwondo
868b0y2b2,Livita
868b0y2ak,Livita
868ban6jh,5 Rings Taekwondo
868axmrh4,"Pacesetter Signs & Graphics, Inc"
868axmrg9,"Pacesetter Signs & Graphics, Inc"
868axmrg3,"Pacesetter Signs & Graphics, Inc"
868axmrfk,"Pacesetter Signs & Graphics, Inc"
868axmrfa,"Pacesetter Signs & Graphics, Inc"
868axmrev,"Pacesetter Signs & Graphics, Inc"
868axmred,"Pacesetter Signs & Graphics, Inc"
868axmre4,"Pacesetter Signs & Graphics, Inc"
868bandn6,Vital Sign Solutions
868b0y2tr,SpeedPro - Boca Raton
868b0y2qe,SpeedPro - Boca Raton
868c4k7gd,Blackfire Signs
868bv4cac,Vital Sign Solutions
868bv4cav,VizComm Signage Group
868bv4ca7,Visual Signs and Graphics
868bac373,Super Custom Sign
868d6td4r,Livita
868d6td66,Livita
868d6td74,Livita
868d6tccy,Indy Sign Factory
868d6tcdn,Indy Sign Factory
868d6tcg1,Indy Sign Factory
868d6tckh,Indy Sign Factory
868d6te1z,SpeedPro - Addison
868d6te3y,SpeedPro - Addison
868dudnv8,Livita
868d6teru,SpeedPro - Boca Raton
868d6tetd,SpeedPro - Boca Raton
868d6tevv,SpeedPro - Boston North
868d6tex0,SpeedPro - Boston North
868d6tctr,Jacksonville Signs & Graphics
868d6tcv5,Jacksonville Signs & Graphics
868d6tewj,SpeedPro - Orlando
868d6text,SpeedPro - Orlando
868d6tfdg,SpeedPro - Raleigh Clayton
868d6tfee,SpeedPro - Raleigh Clayton
868d6tezm,Street Style Sign Studio
868d6tf2n,Street Style Sign Studio
868d6tf0u,Street Style Sign Studio
868d6tf0c,Street Style Sign Studio
868d6tf2x,Street Style Sign Studio
868dt2fh1,Super Custom Sign
868dudnvg,Livita
868dudnvq,Livita
868dudq4q,Street Style Sign Studio
868dudq52,Street Style Sign Studio
868dudnhc,Circle City Custom Signs
868dudnhq,Circle City Custom Signs
868dudnj3,Circle City Custom Signs
868dudnjb,Circle City Custom Signs
868dru3p9,SpeedPro - Blountville
868dudnnv,Indy Sign Factory
868dudpgv,SpeedPro - Addison
868dudnpe,Indy Sign Factory
868dudnq9,Indy Sign Factory
868dudnqt,Indy Sign Factory
868dudpmn,SpeedPro - Boca Raton
868dudpne,SpeedPro - Boca Raton
868dudppt,SpeedPro - Boston North
868dudpqd,SpeedPro - Boston North
868dudprh,SpeedPro - Orlando
868dudq16,SpeedPro - Raleigh Clayton
868dudpt9,SpeedPro - Orlando
868dudq1n,SpeedPro - Raleigh Clayton
868dudpjz,SpeedPro - Blountville
868dudpke,SpeedPro - Blountville
868dudnm2,Forerunner Signs & Graphics
868dudnmj,Forerunner Signs & Graphics
868dudnre,Jacksonville Signs & Graphics
868dudnrz,Jacksonville Signs & Graphics
868e3x1qu,True Impact Signs
868e1mkrz,Circle City Custom Signs
868e1mmwx,Livita
868e1mmxy,Livita
868e1mmyn,Livita
868e1mkt3,Circle City Custom Signs
868e29e3r,Street Style Sign Studio
868e29e3z,Street Style Sign Studio
868e8w20z,Super Custom Sign
868e29dy7,SpeedPro - Boca Raton
868e29e4f,Street Style Sign Studio
868e1mmhm,Indy Sign Factory
868e29dzd,SpeedPro - Raleigh Clayton
868e29e1w,SpeedPro - Raleigh Clayton
868e2pm2p,SpeedPro - Blountville
868e2pm2w,SpeedPro - Blountville
868e2pm32,SpeedPro - Boston North
868e2pm37,SpeedPro - Boston North
868dudptx,SpeedPro - Orlando
868dudpv1,SpeedPro - Orlando
868e29dy1,SpeedPro - Addison
868e29dxt,SpeedPro - Addison
868e1mm1q,Forerunner Signs & Graphics
868e1mm25,Forerunner Signs & Graphics
868e1mmnm,Jacksonville Signs & Graphics
868e1mmpa,Jacksonville Signs & Graphics
868dru2mp,Street Style Sign Studio
868e1mm3g,Forerunner Signs & Graphics
868eemrw3,Livita
868e1mm48,Forerunner Signs & Graphics
868eemrwm,Livita
868ehp0yx,Lancaster Chown & Welch LLP (LCW)
868ehp0wj,Envision Orlando
868eemrx1,Livita
868ehp0ve,City Beautiful Signs and Graphics
868ed0j86,Street Style Sign Studio
868eeav8v,SpeedPro - Orlando
868ehp0v9,Circle City Custom Signs
868eeauan,Jacksonville Signs & Graphics
868ehp0yj,Jacksonville Signs & Graphics
868ehp0wx,First Impression Signs
868eeauen,Jacksonville Signs & Graphics
868ed0g5a,Indy Sign Factory
868ed0g5y,Indy Sign Factory
868emcryd,Kingdom Signs and Graphics
868ehp0tm,All American Signs and Graphics
868ed0hrw,SpeedPro - Addison
868ed0htd,SpeedPro - Addison
868ed0hwv,SpeedPro - Boca Raton
868ehp118,Total SignWorks Ltd
868ed0j0f,SpeedPro - Boca Raton
868eeau4x,Circle City Custom Signs
868eeau5c,Circle City Custom Signs
868eeavhr,SpeedPro - Blountville
868ed0j48,SpeedPro - Boston North
868emcte4,Madison Sign Studios
868e420er,Street Style Sign Studio
868dypea5,Livita
868emcu56,InceptionPoint Signworks
868ehp123,Windy City Signs and Graphics
868ehp105,Space Age Closets
868ehp107,SpeedPro - Addison
868e1mm4j,Forerunner Signs & Graphics
868e1mm54,Forerunner Signs & Graphics
868eurxw3,Livita
868eurxwb,Livita
868evjj9z,Priority Signs & Graphics
868etwxgm,Circle City Custom Signs
868etwxg7,Circle City Custom Signs
868etwxga,Circle City Custom Signs
868eu9vea,Indy Sign Factory
868eu9vef,Indy Sign Factory
868eu9vf2,Indy Sign Factory
868eu9vew,Indy Sign Factory
868eyz02b,Vibrant Sign Studio
868ehp0zn,Red Robin Masonry
868ezh4e9,Genesis Signs & Graphics
868etx0na,SpeedPro - Raleigh Clayton
868f2xjvn,SKY Custom Signs
868f229qk,Kingdom Signs and Graphics
868f2y84z,Madison Sign Studios
868et50gt,SpeedPro - Blountville
868dxk2t3,Red Robin Masonry
868eu9vhf,Red Robin Masonry
868eu9vhp,Red Robin Masonry
868eu9vhu,Red Robin Masonry
868etc2qu,Street Style Sign Studio
868etc2r5,Street Style Sign Studio
868evzztt,Madison Sign Studios
868evzzu3,Madison Sign Studios
868et505j,SpeedPro - Addison
868eyzn5q,Unknown
868eyzpdk,Unknown
868fa0v7k,Circle City Custom Signs
868fa0v7w,Circle City Custom Signs
868fa0v82,Circle City Custom Signs
868fa0vym,Jacksonville Signs & Graphics
868fa0vdh,Forerunner Signs & Graphics
868fcp4pc,"Pacesetter Signs & Graphics, Inc"
868fcmuaa,Collaborative Sign and Design Inc
868fa0w4b,Red Robin Masonry
868fa0vmr,Indy Sign Factory
868fd39wp,Street Style Sign Studio
868fd4un2,Sign Resources NC Inc.
868eyzjke,Unknown
868et50j0,SpeedPro - Blountville
868f7c1we,SpeedPro - Raleigh Clayton
868fa0wnw,SpeedPro - Boca Raton
868fa0wn8,SpeedPro - Boca Raton
868f7c1mp,SpeedPro - Boston North
868f4zqjp,Collaborative Sign and Design Inc
868f7c1rq,SpeedPro - Orlando
868fgwmru,SpeedPro - Raleigh Clayton
868fd2hdx,Indy Sign Factory
868f8ptx1,SpeedPro - Blountville
868fkwe4a,Jacksonville Signs & Graphics
868fkwe4r,Jacksonville Signs & Graphics
868fkwdy9,Indy Sign Factory
868fkwdyr,Indy Sign Factory
868fkwdz8,Indy Sign Factory
868fkwdzq,Indy Sign Factory
868fkwe02,Indy Sign Factory
868fkwe7b,Livita
868fkbfj0,Elite Custom Signs
868fkwe7j,Livita
868fkwe7t,Livita
868fkwecq,Red Robin Masonry
868fkwecf,Red Robin Masonry
868fkwekq,SpeedPro - Raleigh Clayton
868fmj1ff,SpeedPro - Boston North
868fkwepu,Street Style Sign Studio
868fkweqb,Street Style Sign Studio
868frz5p4,Forerunner Signs & Graphics
868eyz8ht,Unknown
868et506d,SpeedPro - Addison
868f7c1g8,SpeedPro - Blountville
868fty229,Collaborative Sign and Design Inc
868fhznyh,SpeedPro - Dallas
868fhznz1,SpeedPro - Fort Worth
868fhzn0u,SpeedPro - Fort Worth West
868fkwej1,SpeedPro - Boca Raton
868fkwejv,SpeedPro - Orlando
868eyuura,SpeedPro - Boca Raton
868eyzec6,Unknown
868eyzemz,Unknown
868g079u8,Forerunner Signs & Graphics
868g07bd1,Forerunner Signs & Graphics
868g0794r,Street Style Sign Studio
868g0794y,Street Style Sign Studio
868g071hj,SpeedPro - Fort Worth West
868g079f3,SpeedPro - Boca Raton
868et50a9,SpeedPro - Addison
868eyuuvj,SpeedPro - Boca Raton
868eyzrnm,Unknown
868eyzt56,Unknown
868eyzu3m,Unknown
868g00gn1,SpeedPro - Boston North
868g00gnu,SpeedPro - Boston North
868g00gp9,SpeedPro - Boston North
868g079r1,Indy Sign Factory
868g079qg,Indy Sign Factory
868g079qj,Indy Sign Factory
868g079qx,Indy Sign Factory
868fzrcaq,Jacksonville Signs & Graphics
868grak3k,Livita
868h4p87u,SpeedPro - Greater San Diego
868hkgmnw,Super Custom Sign
868hkgmqk,Super Custom Sign
868hhujq0,Vibrant Sign Studio
868hwu9e4,Saltwater Signworks
868hwu9mr,Saltwater Signworks
868hwktum,"Pacesetter Signs & Graphics, Inc"
868hwktty,"Pacesetter Signs & Graphics, Inc"
868hwu59w,Northeast Sign Company
868hwu5bb,Northeast Sign Company
868hwkva8,Paragon Signs and Graphics
868hwyeaf,Vital Sign Solutions
868hwkvcj,Signs Unlimited
868hwu7wf,Quad City
868hwu7wz,Quad City
868hx3j6g,Total SignWorks Ltd
868hx3j6h,Total SignWorks Ltd
868j96nuq,Total SignWorks Ltd
868hwrbhh,Super Custom Sign
868hwrbmd,Super Custom Sign
868hwkvf2,Southlake Signs Tampa
868hwkvee,Southlake Signs Tampa
868hwkvdv,Southlake Signs Tampa
868hwu2mt,Fresh Coast Signs | Muskegon Signs
868hwkv29,Kingdom Signs and Graphics
868jdjqxv,SpeedPro - Raleigh Clayton
868jm0vtg,Forerunner Signs & Graphics
868jm0vrr,Circle City Custom Signs
868jm0w0d,SpeedPro - Addison
868jm0w1d,SpeedPro - Blountville
868jmncdk,Baltimore Signsmiths
868jmnce0,Baltimore Signsmiths
868jmncd3,99signs
868jmu04j,Pure Image Signs and Graphics
868jmtrc9,Major League Signs (Miami Signs)
868jmncd4,99signs
868jn2t59,SpeedPro - Boston North
868jm0w23,SpeedPro - Boca Raton
868jkp3q9,SpeedPro - Dallas
868jmtaun,SpeedPro - Fort Worth
868jtuzt7,Jacksonville Signs & Graphics
868jtuzvm,Jacksonville Signs & Graphics
868jm0w8b,SpeedPro - Greater San Diego
868bc8vb6,SpeedPro - Boston North
868bv4c4n,SpeedPro - Boston North
868cbmjcy,SpeedPro - Boston North
868crntea,OC Sign Group
868cwg2p3,OC Sign Group
868cbmjac,Boston Signs and Graphics
868cbmjct,Space Age Closets
868d58r9j,Circle City Custom Signs
868d8jyk4,Space Age Closets
868d8jygx,Langstaff & Sloan Inc.
868d8jye5,Artisan Signworks
868d8jyhx,Priority Signs & Graphics
868cbmjar,Elite Custom Signs
868d8jyhz,Pure Image Signs and Graphics
868cwg2kh,Georgetown Signs
868d8jyh3,Louisville Custom Signs
868d8jymn,The Sign Doctor
868d8jyn5,Touchstone Signs and Graphics
868d8jyg2,Georgetown Signs
868d8jyed,Blackfire Signs
868d8jynq,Vital Sign Solutions
868dt2fhk,Toronto Custom Signs
868e8w214,Toronto Custom Signs
868ehp0z6,OC Sign Group
868ehp101,Sign Resources NC Inc.
868ehp119,Toronto Custom Signs
868enhcf4,SpeedPro - Boca Raton
868ea6ua4,Artisan Signworks
868eu9vp0,Super Custom Sign
868eu9vpc,Super Custom Sign
868eu9vpz,Super Custom Sign
868eu9vq5,Super Custom Sign
868eu9vqp,Super Custom Sign
868eu9vrp,Super Custom Sign
868eu9vr3,Super Custom Sign
868eu9vtf,Super Custom Sign
868etc28p,Igna Signs and Graphics
868etc295,Igna Signs and Graphics
868eu5m8y,OC Sign Group
868eu5ghn,Super Custom Sign
868f9bdh8,Blue Orbit Sign Studio
868f9bdhy,Blue Orbit Sign Studio
868fa0w9t,SignScapes
868fa0wa2,SignScapes
868fa0vh1,Igna Signs and Graphics
868fa0vje,Igna Signs and Graphics
868f8nzcf,Super Custom Sign
868f9bf3f,Super Custom Sign
868fat73h,Vital Sign Solutions
868fat73m,Vital Sign Solutions
868ffqe7x,Signary Custom Signs and Graphics
868fkwef6,SignScapes
868fkvc71,Blue Orbit Sign Studio
868fkvc79,Blue Orbit Sign Studio
868fkwdv8,Igna Signs and Graphics
868fkwdw4,Igna Signs and Graphics
868fkwdvb,Igna Signs and Graphics
868fkwdwe,Igna Signs and Graphics
868fkwdvj,Igna Signs and Graphics
868fkwdwv,Igna Signs and Graphics
868fkwdx3,Igna Signs and Graphics
868fkwdxk,Igna Signs and Graphics
868fkwer6,Super Custom Sign
868fkwerm,Super Custom Sign
868fkwet7,Super Custom Sign
868fkwetj,Super Custom Sign
868fkwetv,Super Custom Sign
868fkweu3,Super Custom Sign
868fkweu9,Super Custom Sign
868fkweuj,Super Custom Sign
868fy3b6x,Victory Sign Company
868g079t0,Igna Signs and Graphics
868g079t8,Igna Signs and Graphics
868g079yb,Blue Orbit Sign Studio
868g079yk,Blue Orbit Sign Studio
868g079yy,Blue Orbit Sign Studio
868g079z5,Blue Orbit Sign Studio
868g079zd,Blue Orbit Sign Studio
868g811r5,MMR
868g9u43p,Signs Unlimited
868hcajwx,MMR
868hcah4c,MMR
868hyfr84,MMR
868hyfr6v,MMR
868jmndm4,Signs Unlimited
868jmndmt,Signs Unlimited
868jm0vz3,SignScapes
868jm0vzn,SignScapes
868auhygq,3 Sixty Sign Solutions
868ayc4ua,Amazing Signs
868ayc4uv,Celco/Celcook
868ayc4v2,Envision Orlando
868ayc4ve,Georgetown Signs
868ayc4vg,Langstaff & Sloan Inc.
868ayc4vp,Majestic Sign Studio
868ayc4vw,QC Signs
868ayc4vz,SignScapes
868ayc4w6,Signs Unlimited
868ayc4wf,SSK Signs
868ayc4wk,VizComm Signage Group
868ayc4x5,Genesis Signs & Graphics
868b0b1vz,3 Sixty Sign Solutions
868auj1an,3 Sixty Sign Solutions
868auj121,3 Sixty Sign Solutions
868axmpwm,Amazing Signs
868axmpwr,Amazing Signs
868ayc4uq,Caliber Signs & Imaging
868auj4nm,Boston Signs and Graphics
868auj4nn,Boston Signs and Graphics
868auj4mz,Boston Signs and Graphics
868auj4me,Boston Signs and Graphics
868auj4m1,Boston Signs and Graphics
868auj4m8,Boston Signs and Graphics
868auj4jz,Boston Signs and Graphics
868auj4ju,Boston Signs and Graphics
868auj4jq,Boston Signs and Graphics
868auj4jh,Boston Signs and Graphics
868auq9dr,Forerunner Signs & Graphics
868auq9ep,Forerunner Signs & Graphics
868auq9ed,Forerunner Signs & Graphics
868av6tcg,Genesis Signs & Graphics
868av6tfg,Genesis Signs & Graphics
868avyram,Jacksonville Signs & Graphics
868avyrar,Jacksonville Signs & Graphics
868av6wpq,LA Sign Studio
868av6wpx,LA Sign Studio
868av6wq5,LA Sign Studio
868atwpm1,Majestic Sign Studio
868aw5dt3,Majestic Sign Studio
868b11tc3,Majestic Sign Studio
868av6wuq,Major League Signs (Miami Signs)
868av6wuv,Major League Signs (Miami Signs)
868av6y0q,Saltwater Signworks
868av6y1p,Saltwater Signworks
868axmrtr,Sign Resources NC Inc.
868axmrub,Sign Resources NC Inc.
868axmrur,Sign Resources NC Inc.
868axmrvd,Sign Resources NC Inc.
868aw5fna,SpeedPro - Addison
868aw5fnm,SpeedPro - Addison
868b0hqnu,True Impact Signs
868b0hqpm,True Impact Signs
868b0hqpu,True Impact Signs
868b0hqqa,True Impact Signs
868b0hqqn,True Impact Signs
868b0hqrj,True Impact Signs
868b0hqt5,True Impact Signs
868b0hqtx,True Impact Signs
868axmuze,Windy City Signs and Graphics
868axmuzu,Windy City Signs and Graphics
868axmv02,Windy City Signs and Graphics
868ayc4ue,Blackfire Signs
868bf0269,Langstaff & Sloan Inc.
868bf03we,Signs Unlimited
868bfh355,Caliber Signs & Imaging
868bd7xwa,SpeedPro - Addison
868bd7xwn,SpeedPro - Addison
868bh7g66,Windy City Signs and Graphics
868bh7g69,Windy City Signs and Graphics
868bh6kr1,Amazing Signs
868bh6kr2,Amazing Signs
868bc6mtn,Majestic Sign Studio
868bc6mt6,Majestic Sign Studio
868bc6mu4,Majestic Sign Studio
868bqmmqr,Forerunner Signs & Graphics
868bqmmrm,Forerunner Signs & Graphics
868bqmmra,Forerunner Signs & Graphics
868bgmtpv,True Impact Signs
868bgmtpn,True Impact Signs
868bgmtpe,True Impact Signs
868bgmtnt,True Impact Signs
868bqmn1z,Indy Sign Factory
868bqmn2c,Indy Sign Factory
868bqmn3r,Indy Sign Factory
868bqmn4n,Indy Sign Factory
868bb1mbq,Baltimore Signsmiths
868bb1mbz,Baltimore Signsmiths
868bfh58v,VizComm Signage Group
868bfh3he,Celco/Celcook
868bfh4nn,QC Signs
868bfh53p,SSK Signs
868bfh487,Georgetown Signs
868bt2940,Genesis Signs & Graphics
868bt293e,Genesis Signs & Graphics
868bqmn6w,Jacksonville Signs & Graphics
868bqmn71,Jacksonville Signs & Graphics
868br57x9,LA Sign Studio
868br57z7,LA Sign Studio
868br57yq,LA Sign Studio
868ban6g3,3 Sixty Sign Solutions
868ban6gc,3 Sixty Sign Solutions
868bh6y06,City Beautiful Signs and Graphics
868bv4bt0,3 Sixty Sign Solutions
868bv4bth,Amazing Signs
868bv4btz,Baltimore Signsmiths
868bv4bwj,City Beautiful Signs and Graphics
868bv4bye,Forerunner Signs & Graphics
868bv4bz7,Genesis Signs & Graphics
868bv4c03,Indy Sign Factory
868bv4c0t,LA Sign Studio
868bv4c1n,Majestic Sign Studio
868bv4c3a,Saltwater Signworks
868bv4c0g,Jacksonville Signs & Graphics
868bv4c49,SpeedPro - Addison
868bv4c5z,SSK Signs
868bv4c6n,SSK Signs
868bv4c9n,True Impact Signs
868bv4cb6,Windy City Signs and Graphics
868ban6gq,3 Sixty Sign Solutions
868br5kbm,Saltwater Signworks
868br5kd3,Saltwater Signworks
868c0hpep,True Impact Signs
868c0hpeq,True Impact Signs
868c0hpet,True Impact Signs
868c0hpev,True Impact Signs
868c0hj7g,Baltimore Signsmiths
868c0hj7t,Baltimore Signsmiths
868c787r1,Signs Unlimited
868c787qm,Langstaff & Sloan Inc.
868c0hgw2,3 Sixty Sign Solutions
868c0hgwj,3 Sixty Sign Solutions
868c0hgwg,3 Sixty Sign Solutions
868c787pw,All American Signs and Graphics
868bfh2hy,Amazing Signs
868bfh3pv,Envision Orlando
868c787rj,Priority Signs & Graphics
868c787r4,SSK Signs
868c787qx,QC Signs
868c787qe,Celco/Celcook
868bfh5v9,Genesis Signs & Graphics
868c9ja51,Saltwater Signworks
868c9ja3t,Saltwater Signworks
868c9ja28,Saltwater Signworks
868c9jjc4,Forerunner Signs & Graphics
868c9jjcj,Forerunner Signs & Graphics
868c9j6uc,LA Sign Studio
868c9j6vc,LA Sign Studio
868capb23,LA Sign Studio
868ca9tz7,Genesis Signs & Graphics
868ca9u03,Genesis Signs & Graphics
868c9jjvq,Jacksonville Signs & Graphics
868c9jjwf,Jacksonville Signs & Graphics
868c787qh,Georgetown Signs
868c787qc,Caliber Signs & Imaging
868c9jjph,Indy Sign Factory
868c9jjpb,Indy Sign Factory
868c9jjqz,Indy Sign Factory
868ccvnwv,Majestic Sign Studio
868ccvnwm,Majestic Sign Studio
868ccvnxc,Majestic Sign Studio
868cbmja4,Amazing Signs
868cbmja7,Baltimore Signsmiths
868ckbamt,Windy City Signs and Graphics
868ckban7,Windy City Signs and Graphics
868ckbane,Windy City Signs and Graphics
868cbmjb1,Forerunner Signs & Graphics
868cbmjan,City Beautiful Signs and Graphics
868cbmjbe,Indy Sign Factory
868cbmjbh,LA Sign Studio
868cbmjbv,Majestic Sign Studio
868cbmjcd,Saltwater Signworks
868cbmjcv,SpeedPro - Addison
868cbmjd4,SSK Signs
868cbmjd6,SSK Signs
868cbmjdn,True Impact Signs
868cbmjdx,Windy City Signs and Graphics
868ckb5j4,City Beautiful Signs and Graphics
868cbmjb4,Genesis Signs & Graphics
868cw7ynq,3 Sixty Sign Solutions
868cnf6z4,3 Sixty Sign Solutions
868cnf77d,Baltimore Signsmiths
868cnf77e,Baltimore Signsmiths
868cnf77g,Baltimore Signsmiths
868cnf77h,Baltimore Signsmiths
868cwf542,Louisville Custom Signs
868cwf53k,Blue Orbit Sign Studio
868cwf52q,Signs Unlimited
868cwf52j,SignScapes
868cwf521,Langstaff & Sloan Inc.
868cwf51m,Envision Orlando
868cwf51g,Celco/Celcook
868cwf52v,SSK Signs
868cwf529,QC Signs
868cwf50k,Amazing Signs
868cwf53v,Genesis Signs & Graphics
868cwf50b,All American Signs and Graphics
868cwf54q,Priority Signs & Graphics
868cwf511,Caliber Signs & Imaging
868crjwj7,Forerunner Signs & Graphics
868crp558,Genesis Signs & Graphics
868crpm4w,Genesis Signs & Graphics
868crjx12,Indy Sign Factory
868crjx2b,Indy Sign Factory
868crjx57,Jacksonville Signs & Graphics
868crjx5a,Jacksonville Signs & Graphics
868crpzvv,LA Sign Studio
868crpzw2,LA Sign Studio
868cw84zj,Majestic Sign Studio
868cw84zt,Majestic Sign Studio
868cw8hv0,Majestic Sign Studio
868cnf87p,True Impact Signs
868cnf87k,True Impact Signs
868cnf87g,True Impact Signs
868cnf87e,True Impact Signs
868cnf87c,True Impact Signs
868cwg2fp,Baltimore Signsmiths
868cwg2gy,City Beautiful Signs and Graphics
868cwg2jq,Forerunner Signs & Graphics
868cwg2k8,Genesis Signs & Graphics
868cwg2m8,Indy Sign Factory
868cwg2mg,Jacksonville Signs & Graphics
868cwg2wb,True Impact Signs
868cwg2mv,LA Sign Studio
868cwg2nq,Majestic Sign Studio
868cwg2tk,SpeedPro - Addison
868cwg2rh,Saltwater Signworks
868cwg2up,SSK Signs
868d3a8tb,Amazing Signs
868d3a8tu,Amazing Signs
868d3a8u4,Amazing Signs
868d9552p,All American Signs and Graphics
868d95539,Envision Orlando
868d9553h,Langstaff & Sloan Inc.
868d9553y,Signs Unlimited
868d95555,Louisville Custom Signs
868d95532,Caliber Signs & Imaging
868d9553c,Georgetown Signs
868d9553q,QC Signs
868d9554c,SSK Signs
868d95551,Genesis Signs & Graphics
868d9552v,Amazing Signs
868d3a8yj,Amazing Signs
868d3a8yf,Amazing Signs
868d3f2hd,Windy City Signs and Graphics
868d3f2n8,Windy City Signs and Graphics
868d3f2nn,Windy City Signs and Graphics
868d3f2pa,Windy City Signs and Graphics
868d3f2hw,Windy City Signs and Graphics
868d3f2k8,Windy City Signs and Graphics
868d3f2mv,Windy City Signs and Graphics
868d3a8yq,Amazing Signs
868d3akjc,First Impression Signs
868d3akf4,First Impression Signs
868d62rag,LA Sign Studio
868d3b9bc,Gold Media
868d3b9cj,Gold Media
868d393d0,All American Signs and Graphics
868d393df,All American Signs and Graphics
868d8jynn,Visual Signs and Graphics
868dkrmha,SignScapes
868dmyfxz,Northeast Sign Company
868dkrmg2,Celco/Celcook
868dkrmgg,Georgetown Signs
868dkrmgw,Langstaff & Sloan Inc.
868dkrmhg,Signs Unlimited
868dkrmhj,SSK Signs
868dkrmj6,99signs
868dkrmfx,Caliber Signs & Imaging
868dkrmh4,QC Signs
868dkrmjb,Priority Signs & Graphics
868dmrjfm,Blue Ocean Custom Signs
868dmrjfp,Blue Ocean Custom Signs
868dmrpu9,Blue Ocean Custom Signs
868dmrptx,Blue Ocean Custom Signs
868dmrmwp,Blue Ocean Custom Signs
868dh2t7a,Blue Ocean Custom Signs
868dkq99f,Visual Signs and Graphics
868dkq99m,Visual Signs and Graphics
868dkq99w,Visual Signs and Graphics
868dkq9a5,Visual Signs and Graphics
868dkrmfc,All American Signs and Graphics
868dkrmfk,Amazing Signs
868dkrmga,Envision Orlando
868d8jydw,Amazing Signs
868d8jydm,All American Signs and Graphics
868d8jyeb,Baltimore Signsmiths
868cwg2g2,Blue Orbit Sign Studio
868cwg2jd,First Impression Signs
868d8jyfr,Forerunner Signs & Graphics
868d8jyg0,Genesis Signs & Graphics
868d8jygt,LA Sign Studio
868d8jyjj,Saltwater Signworks
868d8jyf3,City Beautiful Signs and Graphics
868dt2f34,All American Signs and Graphics
868dt2f5x,City Beautiful Signs and Graphics
868dyagzq,Amazing Signs
868dyagzx,Amazing Signs
868dvee5k,Envision Orlando
868dvehch,Envision Orlando
868dvek2w,Envision Orlando
868dvemn0,Envision Orlando
868dyabp9,Gold Media
868dveu5f,Total SignWorks Ltd
868dveu5n,Total SignWorks Ltd
868dveu54,Total SignWorks Ltd
868dveu58,Total SignWorks Ltd
868dz5723,Collaborative Sign and Design Inc
868dz572b,Collaborative Sign and Design Inc
868dz56wa,First Impression Signs
868dyacd7,Gold Media
868dz56p9,Windy City Signs and Graphics
868dz56ge,All American Signs and Graphics
868dz56gn,All American Signs and Graphics
868dz56g5,All American Signs and Graphics
868dt2f71,Envision Orlando
868dt2f7g,First Impression Signs
868dt2fa4,Lancaster Chown & Welch LLP (LCW)
868dt2fj7,Total SignWorks Ltd
868dt2fm6,Windy City Signs and Graphics
868dhhnp6,Gold Media
868dhhnph,Gold Media
868dkrmfq,Blackfire Signs
868dz56p3,Windy City Signs and Graphics
868dyacdm,Gold Media
868e1v12r,All American Signs and Graphics
868e1v136,All American Signs and Graphics
868dyah03,Amazing Signs
868dyah07,Amazing Signs
868e1v23f,Amazing Signs
868e1v5y6,Blue Ocean Custom Signs
868e1v5yp,Blue Ocean Custom Signs
868e1v5z9,Blue Ocean Custom Signs
868e2ubjb,Amazing Signs
868e2ubjh,Celco/Celcook
868e2ubjk,Envision Orlando
868e2ubjp,Langstaff & Sloan Inc.
868e2ubk5,Signs Unlimited
868e2ubkv,Louisville Custom Signs
868e2ubm1,Vital Sign Solutions
868e4fu89,Victory Sign Company
868e2ubm9,Blackfire Signs
868e2ubk1,SignScapes
868e2ubkk,Blue Orbit Sign Studio
868e2ubma,Super Custom Sign
868e2ubjn,Georgetown Signs
868e2ubjt,Northeast Sign Company
868e2ubjw,QC Signs
868e1v8w2,Envision Orlando
868e1v8wq,Envision Orlando
868e2ubjf,Caliber Signs & Imaging
868e1v8wz,Envision Orlando
868e1v8wf,Envision Orlando
868e2ubj8,All American Signs and Graphics
868e1v9g4,First Impression Signs
868e1v9gb,First Impression Signs
868e1v9gh,First Impression Signs
868e1wgny,Total SignWorks Ltd
868e1wh8d,Visual Signs and Graphics
868e1wh7z,Visual Signs and Graphics
868e1wh7t,Visual Signs and Graphics
868e1wh7d,Visual Signs and Graphics
868e1wh79,Visual Signs and Graphics
868e1whdf,Windy City Signs and Graphics
868e4ckrn,Gold Media
868e4ckt2,Gold Media
868e4cktq,Gold Media
868e4cku0,Gold Media
868e4cku4,Gold Media
868e8w1qu,First Impression Signs
868e8w1qk,Envision Orlando
868e8w22q,Windy City Signs and Graphics
868e8w21b,Total SignWorks Ltd
868e8w1ut,Lancaster Chown & Welch LLP (LCW)
868e1whdn,Windy City Signs and Graphics
868e1v8x6,Envision Orlando
868e8w1pt,City Beautiful Signs and Graphics
868e4ckt8,Gold Media
868ec51bb,Collaborative Sign and Design Inc
868ec51bg,Collaborative Sign and Design Inc
868edewmf,99signs
868edewmt,All American Signs and Graphics
868edewmz,Amazing Signs
868edewqc,Envision Orlando
868edewr3,Georgetown Signs
868edewrf,Langstaff & Sloan Inc.
868edewrx,Northeast Sign Company
868edewnu,Caliber Signs & Imaging
868edewtb,QC Signs
868edewth,Signs Unlimited
868edewtt,SignScapes
868ed0ckr,Amazing Signs
868eem23q,Amazing Signs
868eem23r,Amazing Signs
868ecjhhg,Genesis Signs & Graphics
868ecjhhh,Genesis Signs & Graphics
868edewp9,Celco/Celcook
868eem2ga,Envision Orlando
868edewu3,True Impact Signs
868eem1rc,All American Signs and Graphics
868eem1re,All American Signs and Graphics
868eem3tw,Gold Media
868eem27f,Blue Ocean Custom Signs
868eem3u9,Gold Media
868eem3uz,Gold Media
868egwjzv,Collaborative Sign and Design Inc
868eem3v9,Gold Media
868eem2qv,First Impression Signs
868eem2qw,First Impression Signs
868eem3vj,Gold Media
868ed0q9a,Total SignWorks Ltd
868ed0q9f,Total SignWorks Ltd
868ed0q9x,Total SignWorks Ltd
868eemrzu,SignScapes
868eemt00,SignScapes
868eeuprf,Windy City Signs and Graphics
868eeuprv,Windy City Signs and Graphics
868ea6ua8,"Pacesetter Signs & Graphics, Inc"
868eem2r1,First Impression Signs
868eem27m,Blue Ocean Custom Signs
868ej6xw1,Blackfire Signs
868ej6xyr,Langstaff & Sloan Inc.
868ej6xw7,Blue Orbit Sign Studio
868ej6xwe,Caliber Signs & Imaging
868ej6xwy,Celco/Celcook
868ej6xx5,Envision Orlando
868ej6xvq,Amazing Signs
868ej6xzt,Northeast Sign Company
868ej6y08,QC Signs
868ej6y0f,Signs Unlimited
868ej6y0v,SSK Signs
868ej6y0z,Super Custom Sign
868ej6y15,True Impact Signs
868ej6y1k,Victory Sign Company
868ej6y1z,Vital Sign Solutions
868ej6y25,VizComm Signage Group
868ej6xzf,Majestic Sign Studio
868dkrmhz,Blue Orbit Sign Studio
868ej6xvc,All American Signs and Graphics
868etac51,Amazing Signs
868et7wqj,City Beautiful Signs and Graphics
868et7wqr,City Beautiful Signs and Graphics
868etaugh,Envision Orlando
868etaugw,Envision Orlando
868etauxm,Gold Media
868etauxr,Gold Media
868ea6u9y,Boston Signs and Graphics
868ej6y0n,SignScapes
868euq1dg,All American Signs and Graphics
868euq1dj,All American Signs and Graphics
868euq1dq,All American Signs and Graphics
868eurnke,Kingdom Signs and Graphics
868etaw06,Total SignWorks Ltd
868etaw0p,Total SignWorks Ltd
868etaw1k,Total SignWorks Ltd
868etad3f,Blue Ocean Custom Signs
868etad3n,Blue Ocean Custom Signs
868euq1uf,Collaborative Sign and Design Inc
868euq1uq,Collaborative Sign and Design Inc
868ej7cft,99signs
868etaxp4,Windy City Signs and Graphics
868ej73ca,All American Signs and Graphics
868ej7cg7,Amazing Signs
868ej7ch5,Caliber Signs & Imaging
868ej74dt,Celco/Celcook
868ej74k4,Envision Orlando
868ej7cj2,Georgetown Signs
868ej757y,Langstaff & Sloan Inc.
868ej7654,QC Signs
868ej765z,Signs Unlimited
868ej766m,SSK Signs
868ej767n,Victory Sign Company
868f531b7,3 Sixty Sign Solutions
868f531be,3 Sixty Sign Solutions
868ej74t8,Genesis Signs & Graphics
868ej7cn8,Vital Sign Solutions
868ej767b,True Impact Signs
868etaxny,Windy City Signs and Graphics
868eu5t6j,Collaborative Sign and Design Inc
868f7bv4f,Collaborative Sign and Design Inc
868f7bquw,All American Signs and Graphics
868f7bquz,All American Signs and Graphics
868f7bqv6,All American Signs and Graphics
868f7br3r,Amazing Signs
868f7br3y,Amazing Signs
868f7br41,Amazing Signs
868f7bw59,Envision Orlando
868ewq2u2,3 Sixty Sign Solutions
868f7bwvp,Gold Media
868ej7cgr,Blue Orbit Sign Studio
868ej766b,SignScapes
868ej7671,Super Custom Sign
868f6ykb8,OC Sign Group
868f6w31g,OC Sign Group
868fjjgcc,Amazing Signs
868fjjh1a,Collaborative Sign and Design Inc
868fjjhjq,Gold Media
868fjeth7,InceptionPoint Signworks
868fjethb,InceptionPoint Signworks
868fk71uc,SSK Signs
868fk71u4,SSK Signs
868fjjnpg,Total SignWorks Ltd
868fkauer,Windy City Signs and Graphics
868fkauex,Windy City Signs and Graphics
868fkauez,Windy City Signs and Graphics
868ffjx7c,Boston Signs and Graphics
868fr56cz,Unknown
868fqm908,Unknown
868fnmgcx,Saltwater Signworks
868fqmb33,Captivating Signs
868fk71tu,SSK Signs
868fv8jp2,First Impression Signs
868fv8ckk,"LGL Sign Company, LLC"
868fnmgd0,Saltwater Signworks
868fwkbjc,Artisan Signworks
868futp34,Artisan Signworks
868fz4p3q,Amazing Signs
868fz4r8p,Collaborative Sign and Design Inc
868fz4r9h,Collaborative Sign and Design Inc
868fz4x0f,Envision Orlando
868fz4x0n,Envision Orlando
868fzrzvx,SSK Signs
868fzrzwc,SSK Signs
868g1e2tt,Caliber Signs & Imaging
868geuqgg,Momentm
868gc8q2w,True Impact Signs
868gca7v7,Detroit Signs & Graphics
868gcfpur,Collaborative Sign and Design Inc
868g1e60v,Envision Orlando
868g1e601,Blackfire Signs
868g1e60k,Caliber Signs & Imaging
868g1e61f,Georgetown Signs
868g1e61n,Langstaff & Sloan Inc.
868g1e61y,Majestic Sign Studio
868g1e623,Northeast Sign Company
868g1e628,Priority Signs & Graphics
868g1e62p,QC Signs
868g1e62x,Signs Unlimited
868g1e633,SignScapes
868g1e63g,True Impact Signs
868g1e643,VizComm Signage Group
868gn3k4g,InceptionPoint Signworks
868gn3k4k,InceptionPoint Signworks
868gz8p0k,Graphicworks Sign Company
868h443uh,All American Signs and Graphics
868h443wg,Super Custom Sign
868h4y7xk,99signs
868h4y7yx,Blue Orbit Sign Studio
868h4y7z5,Caliber Signs & Imaging
868h4y7zc,Celco/Celcook
868h4y7zn,Envision Orlando
868h4y82f,SpeedPro - Chicago Loop
868j666m5,Majestic Sign Studio
868jccj2u,Northeast Sign Company
868hxfny5,SSK Signs
868jm6449,Global Signs & Graphics
868jm645t,Global Signs & Graphics
868jmtpex,Genesis Signs & Graphics
868jmtpfz,Genesis Signs & Graphics
868jmtpgb,Genesis Signs & Graphics
868jmpwyx,Gold Media
868jmncze,Kingdom Signs and Graphics
868jpxnb1,InceptionPoint Signworks
868jpxnb4,InceptionPoint Signworks
868jmtrwm,Northeast Sign Company
868jmtry4,Northeast Sign Company
868jmqc9m,"Pacesetter Signs & Graphics, Inc"
868jmqd0k,"Pacesetter Signs & Graphics, Inc"
868jmufah,Saltwater Signworks
868jmuffu,Saltwater Signworks
868jmuh44,SSK Signs
868jn6hjr,Total SignWorks Ltd
868jn6j93,Total SignWorks Ltd
868jpwm58,Total SignWorks Ltd
868jpy5dm,Windy City Signs and Graphics
868jmuh7x,SSK Signs
868jtuzmx,ImageTEK Signs and Graphics LLC
868jtuzp3,ImageTEK Signs and Graphics LLC
868jvv7dy,Kingdom Signs and Graphics
868jvv79n,Captivating Signs
868jvv7af,Captivating Signs
868jmpwy9,Gold Media
868jmuh7u,SSK Signs
868dt2f9f,Indy Sign Factory
868b0y2aj,Livita
868cw8mbp,Red Robin Masonry
868c9jmh5,SpeedPro - Boca Raton
868cw8mer,Red Robin Masonry
868cw8n9a,Street Style Sign Studio
868cw8mmn,SignScapes
868cw8mn4,SignScapes
868cw8mnj,SignScapes
868cw8mp6,SignScapes
868dznf7y,SpeedPro - Boca Raton
868cw8n08,SpeedPro - Boca Raton
868cw8n79,SpeedPro - Raleigh Clayton
868cw8n3j,SpeedPro - Boston North
868f6w72f,SpeedPro - Orlando
868f6w799,Street Style Sign Studio
868f6w740,SpeedPro - Raleigh Clayton
868f6w6ym,SpeedPro - Blountville
868etwzy7,SignScapes
868eu7uvk,SpeedPro - Raleigh Clayton
868jjbwbf,Unknown
868auj3e4,99signs
868auj764,Southlake Signs Tampa
868auj76d,Southlake Signs Tampa
868auj76v,Southlake Signs Tampa
868aujajy,Victory Sign Company
868aujajn,Victory Sign Company
868bandc8,Victory Sign Company
868bandcp,Victory Sign Company
868banauu,Captivating Signs
868ban87v,Captivating Signs
868ban7xc,Captivating Signs
868ban7wf,Captivating Signs
868bancp9,Southlake Signs Tampa
868bancpm,Southlake Signs Tampa
868bancq9,Southlake Signs Tampa
868c2xp9g,Southlake Signs Tampa
868c2xp8w,Southlake Signs Tampa
868c2xp8k,Southlake Signs Tampa
868c0hpfp,Victory Sign Company
868c0hpft,Victory Sign Company
868c0hkrh,Captivating Signs
868c0hkrj,Captivating Signs
868c0hkrk,Captivating Signs
868c0hkrf,Captivating Signs
868br57ky,Horizon Sign Solutions
868br571d,Georgetown Signs
868br5bqx,Quad City
868br5bp3,Quad City
868br5bng,Quad City
868c9jaqt,SSK Signs
868c9jany,SSK Signs
868br5kqh,SSK Signs
868br5knf,SSK Signs
868br5kn6,SSK Signs
868c9j0nx,Fresh Coast Signs | Muskegon Signs
868c9j0q1,Fresh Coast Signs | Muskegon Signs
868c9j6cq,Georgetown Signs
868br571n,Georgetown Signs
868c9j8bw,Northeast Sign Company
868c9j8b6,Northeast Sign Company
868c9j89p,Northeast Sign Company
868c9j884,Northeast Sign Company
868c9jn17,Street Style Sign Studio
868bqmnq5,Street Style Sign Studio
868bqmnpw,Street Style Sign Studio
868b0y2xe,Street Style Sign Studio
868b0y2w4,Street Style Sign Studio
868bh6mnz,Blue Ocean Custom Signs
868crqb92,Northeast Sign Company
868crqb8r,Northeast Sign Company
868crp4yh,Fresh Coast Signs | Muskegon Signs
868crp4z4,Fresh Coast Signs | Muskegon Signs
868cnf89b,Victory Sign Company
868c9jmy6,Street Style Sign Studio
868c9j6c7,Georgetown Signs
868crpt3n,Horizon Sign Solutions
868crpt1g,Horizon Sign Solutions
868cnf7q0,Captivating Signs
868cnf7py,Captivating Signs
868cnf7pt,Captivating Signs
868cnf898,Victory Sign Company
868d3e9fz,Vibrant Sign Studio
868d3e9fp,Vibrant Sign Studio
868b4n5nh,Vibrant Sign Studio
868b4n5mx,Vibrant Sign Studio
868b4n5mg,Vibrant Sign Studio
868b4n5mm,Vibrant Sign Studio
868ckb9zk,Sign Resources NC Inc.
868ckb9yy,Sign Resources NC Inc.
868ckb9yn,Sign Resources NC Inc.
868ckb9yv,Sign Resources NC Inc.
868cnf83b,Southlake Signs Tampa
868cnf839,Southlake Signs Tampa
868cnf83c,Southlake Signs Tampa
868d62pzd,Fresh Coast Signs | Muskegon Signs
868d62pzn,Fresh Coast Signs | Muskegon Signs
868d62ten,SSK Signs
868crqdr6,SSK Signs
868crqdqr,SSK Signs
868axmr0m,First Impression Signs
868axmr0w,First Impression Signs
868ckb8ac,First Impression Signs
868ckb8an,First Impression Signs
868d3akez,First Impression Signs
868d3aken,First Impression Signs
868axmta9,Total SignWorks Ltd
868ckba8w,Total SignWorks Ltd
868d3e984,Total SignWorks Ltd
868av6xyu,Quad City
868axm645,Horizon Sign Solutions
868dz56wg,First Impression Signs
868dz56we,First Impression Signs
868d3a9zu,Blue Ocean Custom Signs
868dhhkng,Vibrant Sign Studio
868dhhkp2,Vibrant Sign Studio
868dveuke,Vibrant Sign Studio
868dveukg,Vibrant Sign Studio
868dveukn,Vibrant Sign Studio
868cy95fb,Baltimore Signsmiths
868cy95fw,Baltimore Signsmiths
868cy95g8,Baltimore Signsmiths
868cy95gn,Baltimore Signsmiths
868cy96bg,Captivating Signs
868cy96cj,Captivating Signs
868cy96cp,Captivating Signs
868cy96c8,Captivating Signs
868e1wgx2,Vibrant Sign Studio
868e1wgwr,Vibrant Sign Studio
868e1wgx9,Vibrant Sign Studio
868em9wea,Priority Signs & Graphics
868fw010a,Genesis Signs & Graphics
868etcv9n,SSK Signs
868etcva5,SSK Signs
868etcvae,SSK Signs
868fxyt6b,Priority Signs & Graphics
868bcb7mh,Unknown
868bt29a1,Detroit Signs & Graphics
868bt29bg,Detroit Signs & Graphics
868bt29b7,Detroit Signs & Graphics
868ban6rr,99signs
868ban6rj,99signs
868bkdwqk,Blackfire Signs
868bkdwqg,Blackfire Signs
868bkdwqj,Blackfire Signs
868bkdwqf,Blackfire Signs
868b0y2fa,SignScapes
868b0y2f7,SignScapes
868b0y2fr,SignScapes
868ax0yjf,Lighthouse Sign Co.
868be6vf0,VizComm Signage Group
868be6vfn,VizComm Signage Group
868c0hjcj,Blackfire Signs
868c0hjcp,Blackfire Signs
868c0hjd1,Blackfire Signs
868c0hjdc,Blackfire Signs
868bfjfuh,Lighthouse Sign Co.
868c2xndb,Paragon Signs and Graphics
868bc719y,Rent a Son
868br5bhz,QC Signs
868br5bhy,QC Signs
868c9j0ep,Detroit Signs & Graphics
868c9j0gw,Detroit Signs & Graphics
868c9j0h6,Detroit Signs & Graphics
868ceccff,VizComm Signage Group
868ceccch,VizComm Signage Group
868cecceb,VizComm Signage Group
868ceccdm,VizComm Signage Group
868ccvkdh,Lighthouse Sign Co.
868avyrv8,Super Custom Sign
868crqdfw,Saltwater Signworks
868b0y2f3,SignScapes
868avyrvz,Super Custom Sign
868avyrw7,Super Custom Sign
868bqmnrx,Super Custom Sign
868c9jm9b,SignScapes
868c9jmaz,SignScapes
868bqmnt7,Super Custom Sign
868caa7q2,Super Custom Sign
868caa7ru,Super Custom Sign
868cw85dj,Rent a Son
868cw85db,Rent a Son
868cw85d4,Rent a Son
868cnf712,5 Rings Taekwondo
868cnf713,5 Rings Taekwondo
868cnf716,5 Rings Taekwondo
868cnf7xz,Paragon Signs and Graphics
868cnf7y1,Paragon Signs and Graphics
868cpztfr,Paragon Signs and Graphics
868c0hhf3,99signs
868c0hhfm,99signs
868cnf74e,99signs
868cnf74f,99signs
868cnf74c,99signs
868av6t2u,Detroit Signs & Graphics
868av6t3c,Detroit Signs & Graphics
868av6t3u,Detroit Signs & Graphics
868d3cm59,QC Signs
868cnf7a7,Blackfire Signs
868cpzut6,Blackfire Signs
868cpzutz,Blackfire Signs
868av6xxj,QC Signs
868av6xx4,QC Signs
868av6y0p,Saltwater Signworks
868cy95q6,Blackfire Signs
868cy95qb,Blackfire Signs
868cy95qt,Blackfire Signs
868cy93vb,99signs
868cy941u,99signs
868cy93w8,99signs
868cy9429,99signs
868ckb8hr,Gold Media
868d3b99m,Gold Media
868d3b9b7,Gold Media
868d3b9ap,Gold Media
868d3b99v,Gold Media
868dz556d,"Pacesetter Signs & Graphics, Inc"
868dz555c,"Pacesetter Signs & Graphics, Inc"
868dz5564,"Pacesetter Signs & Graphics, Inc"
868cbmjb2,Fresh Coast Signs | Muskegon Signs
868dxk2z3,Saltwater Signworks
868efu8cd,Alemba
868efu8cf,Alemba
868gnm8ay,Detroit Signs & Graphics
868gn5vrf,Georgetown Signs
868gp4xva,Lobby Signs Irvine (Caliber)
868gnkx8g,Major League Signs (Miami Signs)
868gp4mee,Northeast Sign Company
868gnmbe9,Priority Signs & Graphics
868gjvu6c,Pure Image Signs and Graphics
868gp5020,Quad City
868gnmf5q,Saltwater Signworks
868gp58t5,SKY Custom Signs
868gnky9b,SSK Signs
868gp4v88,Genesis Signs & Graphics
868gnkpg4,QC Signs
868gnkp6y,QC Signs
868h10eun,Caliber Signs & Imaging
868h133cg,Detroit Signs & Graphics
868h133d5,Detroit Signs & Graphics
868h15euq,Fresh Coast Signs | Muskegon Signs
868h15h06,Fresh Coast Signs | Muskegon Signs
868h1k22m,Genesis Signs & Graphics
868h1kkr5,Genesis Signs & Graphics
868h15rru,Georgetown Signs
868h15taj,Georgetown Signs
868h15y52,Major League Signs (Miami Signs)
868h15y55,Major League Signs (Miami Signs)
868h1d41f,Pure Image Signs and Graphics
868h1gkw4,Pure Image Signs and Graphics
868h2adrt,Quad City
868h2aq2c,Quad City
868h162gz,Saltwater Signworks
868h164ny,Saltwater Signworks
868h2a41h,SKY Custom Signs
868h2a73e,SKY Custom Signs
868h15wb8,SSK Signs
868h15wtt,SSK Signs
868h443vv,Priority Signs & Graphics
868g1e2ug,Genesis Signs & Graphics
868hexhym,Fresh Coast Signs | Muskegon Signs
868hex70c,Georgetown Signs
868hewhuw,Major League Signs (Miami Signs)
868hdyv1f,Northeast Sign Company
868hd22dw,Pure Image Signs and Graphics
868hevw15,QC Signs
868hew55n,Quad City
868hevdyx,Saltwater Signworks
868hewcp3,SKY Custom Signs
868huk3ze,Fresh Coast Signs | Muskegon Signs
868huvqc9,Georgetown Signs
868huz3fk,Major League Signs (Miami Signs)
868hr57ct,QC Signs
868hv1wec,Quad City
868hv4r7a,Saltwater Signworks
868hv3r6t,SKY Custom Signs
868j7a6fj,Fresh Coast Signs | Muskegon Signs
868hztvua,Georgetown Signs
868j7apgw,Major League Signs (Miami Signs)
868j7fw26,Pure Image Signs and Graphics
868j7hyhy,Quad City
868j6dxf0,SKY Custom Signs
868j7am20,QC Signs
868j7gkmf,Northeast Sign Company
868juq1vj,Northeast Sign Company
868ab3zb2,Unknown
868b9ptmz,Rent a Son
868bxbepd,Amazing Signs
868bxc9bc,Blue Ocean Custom Signs
868bxca9d,Blue Ocean Custom Signs
868bxn7d5,City Beautiful Signs and Graphics
868bye1nj,"Pacesetter Signs & Graphics, Inc"
868bye1re,"Pacesetter Signs & Graphics, Inc"
868bqmmfd,Carepatrol West Michigan
868bdbhfn,Caliber Signs & Imaging
868bdbhg5,Caliber Signs & Imaging
868c9jjmn,Igna Signs and Graphics
868c9jjmb,Igna Signs and Graphics
868bqmmxq,Igna Signs and Graphics
868bqmm7x,Blue Orbit Sign Studio
868bqmm8p,Blue Orbit Sign Studio
868c9jevq,Blue Orbit Sign Studio
868c9jewj,Blue Orbit Sign Studio
868c9jhw6,Carepatrol West Michigan
868c9jj27,Circle City Custom Signs
868c9jmca,SignScapes
868c9jmcw,SignScapes
868bd7y3h,SpeedPro - Boca Raton
868c9jmqf,SpeedPro - Orlando
868e4ajzf,True Impact Signs
868cw8n3a,SpeedPro - Boston North
868cw8n66,SpeedPro - Raleigh Clayton
868cw8mzr,SpeedPro - Boca Raton
868egt5nm,Unknown
868dudqjj,Super Custom Sign
868dzu0dg,SpeedPro - Raleigh Clayton
868bvvxpa,Super Custom Sign
868e1mm94,Igna Signs and Graphics
868d6tccj,Igna Signs and Graphics
868eeaupt,Igna Signs and Graphics
868eeaunu,Igna Signs and Graphics
868d6tegw,SpeedPro - Blountville
868gzrz4k,Street Style Sign Studio
868hcmezb,SpeedPro - Chicago Loop
868hr2cqe,Indy Sign Factory
868d8jyd3,3 Sixty Sign Solutions
868d8jyeh,Blue Orbit Sign Studio
868d8jyev,Captivating Signs
868d8jyey,Circle City Custom Signs
868d8jyf8,Collaborative Sign and Design Inc
868d8jyfb,Detroit Signs & Graphics
868dt2fey,SpeedPro - Addison
868d8jyh1,Lighthouse Sign Co.
868d8jyjt,Signs Unlimited
868d8jyk0,Southlake Signs Tampa
868d8jyke,SpeedPro - Blountville
868d8jyn8,True Impact Signs
868d8jynv,VizComm Signage Group
868d8jymc,Street Style Sign Studio
868d8jymv,Toronto Custom Signs
868dt2fba,OC Sign Group
868d8jyg8,Horizon Sign Solutions
868d8jygy,Lancaster Chown & Welch LLP (LCW)
868dt2f9c,Igna Signs and Graphics
868d8jyjn,Sign Resources NC Inc.
868d8jyk9,SpeedPro - Addison
868d8jymz,Total SignWorks Ltd
868dt2f5j,Circle City Custom Signs
868dt2ffy,SpeedPro - Orlando
868d8jyge,Igna Signs and Graphics
868d8jygh,Indy Sign Factory
868d8jygk,Jacksonville Signs & Graphics
868d8jyjh,Rent a Son
868d8jykv,SpeedPro - Orlando
868dt2fdc,Sign Resources NC Inc.
868dt2f7x,Forerunner Signs & Graphics
868dt2ff7,SpeedPro - Blountville
868dt2fgu,Street Style Sign Studio
868d8jyhk,OC Sign Group
868e8w1xt,Sign Resources NC Inc.
868dxk54t,Street Style Sign Studio
868dxk43k,SpeedPro - Addison
868dxk47q,SpeedPro - Blountville
868ehp0ua,Blue Orbit Sign Studio
868dxk4kc,SpeedPro - Orlando
868dxk1yk,OC Sign Group
868ehp0xw,Indy Sign Factory
868dxk0gp,Igna Signs and Graphics
868dxjzqk,Forerunner Signs & Graphics
868eqag9p,InceptionPoint Signworks
868dxk3bg,Sign Resources NC Inc.
868dxk0u7,Jacksonville Signs & Graphics
868dxk5ak,Super Custom Sign
868dxk5fr,Toronto Custom Signs
868dxxjpy,Total SignWorks Ltd
868dxjyyp,City Beautiful Signs and Graphics
868dxjy76,Blue Orbit Sign Studio
868dxjytn,Circle City Custom Signs
868dxk1a5,Lighthouse Sign Co.
868dxk2vb,Rent a Son
868dxjz3v,Collaborative Sign and Design Inc
868f6w6m0,Fresh Coast Signs | Muskegon Signs
868f6w6ud,Signs Unlimited
868f6w6rc,QC Signs
868f6w6rn,Quad City
868f6w6xv,SpeedPro - Addison
868f6w6t1,Red Robin Masonry
868dxk0ny,Indy Sign Factory
868f6w6mx,Igna Signs and Graphics
868f6w6ha,Blue Orbit Sign Studio
868f6w6n6,Indy Sign Factory
868f6w6zr,SpeedPro - Boston North
868f6w6jp,Collaborative Sign and Design Inc
868f6w6nb,Jacksonville Signs & Graphics
868f6w7b2,Super Custom Sign
868f6w6z7,SpeedPro - Boca Raton
868f6w6tu,Sign Resources NC Inc.
868eu7uwy,Toronto Custom Signs
868eu7uyh,VizComm Signage Group
868eu7v0t,InceptionPoint Signworks
868eu7ufp,All American Signs and Graphics
868eu7uuc,SpeedPro - Blountville
868eu7uug,SpeedPro - Boca Raton
868eu7urp,Sign Resources NC Inc.
868eu7ug8,Blue Orbit Sign Studio
868eu7uhb,Circle City Custom Signs
868eu7uu6,SpeedPro - Addison
868eu7ump,Igna Signs and Graphics
868eu7uk7,Forerunner Signs & Graphics
868eu7umw,Indy Sign Factory
868eu7up9,OC Sign Group
868eu7uuy,SpeedPro - Orlando
868eu7uwe,Street Style Sign Studio
868eu7un4,Jacksonville Signs & Graphics
868gh9mc1,SpeedPro - Chicago Loop
868gh9n4a,SpeedPro - Fort Worth West
868guj5e2,SSK Signs
868guj50e,Collaborative Sign and Design Inc
868h78nm4,SpeedPro - Chicago Loop
868guj5eu,Super Custom Sign
868hayguc,Excel SignWorks
868axy9n6,Unknown
868bgmtg6,The Carolina Sign Smith
868bgmtgc,The Carolina Sign Smith
868bgmtgn,The Carolina Sign Smith
868cbmja2,All American Signs and Graphics
868bh6f3r,All American Signs and Graphics
868bh6f3v,All American Signs and Graphics
868cbmjdh,Total SignWorks Ltd
868cbmjdq,Vibrant Sign Studio
868cbmjay,First Impression Signs
868ckb8m3,Gold Media
868ckba9m,Total SignWorks Ltd
868bh6z25,Elite Custom Signs
868d3ajye,Elite Custom Signs
868d3ajyr,Elite Custom Signs
868e8w1mf,Amazing Signs
868e8w1w2,"Pacesetter Signs & Graphics, Inc"
868e8w1vz,OC Sign Group
868ehp11n,Vibrant Sign Studio
868ehp0wk,Elite Custom Signs
868ehp0z5,"Pacesetter Signs & Graphics, Inc"
868f45gpw,Collaborative Sign and Design Inc
868e1vg84,"Pacesetter Signs & Graphics, Inc"
868e1vg8y,"Pacesetter Signs & Graphics, Inc"
868e1vg96,"Pacesetter Signs & Graphics, Inc"
868dxjtwt,All American Signs and Graphics
868dxjzna,First Impression Signs
868f50nfq,Total SignWorks Ltd
868dxjzf4,Envision Orlando
868dxk72d,Amazing Signs
868ed0qqr,Vibrant Sign Studio
868f4110q,Unknown
868fp3ygh,Excel SignWorks
868f6w6k2,Elite Custom Signs
868f6w6ka,Envision Orlando
868f6w7hc,Windy City Signs and Graphics
868f6w7cr,Total SignWorks Ltd
868fp76tz,Excel SignWorks
868eu7uyr,Windy City Signs and Graphics
868fjjh78,Elite Custom Signs
868fjjh7d,Elite Custom Signs
868fjjh7j,Elite Custom Signs
868fjjh7r,Elite Custom Signs
868gahmug,Windy City Signs and Graphics
868gahmwu,Windy City Signs and Graphics
868gahr8r,Windy City Signs and Graphics
868etavdz,"Pacesetter Signs & Graphics, Inc"
868gkujwm,All American Signs and Graphics
868h3pj0f,Redheaded Sign Company
868h3pjn9,Redheaded Sign Company
868hr9zkf,Unknown
868hrwx3u,Redheaded Sign Company
868hx2hmu,Elite Custom Signs
868hx2wfz,Windy City Signs and Graphics
868hx3gbm,Windy City Signs and Graphics
868jhnw59,Excel SignWorks
868jjqfw2,Total SignWorks Ltd
868jk3v11,"LGL Sign Company, LLC"
868jbxcx0,SKY Custom Signs
868jbxm25,Madison Sign Studios
868jqartx,OC Sign Group
868jqat07,Excel SignWorks
868jqarpz,Redheaded Sign Company
868jtu558,Unknown
868fv5q9u,Unknown
868hx7rbu,Pure Image Signs and Graphics
868gyhfww,SpeedPro - Columbus
868fr4e31,Unknown
868h30vgm,Georgetown Signs
868gcfd9w,Jacksonville Signs & Graphics
868gdmvau,Circle City Custom Signs
868gef7nn,SpeedPro - Addison
868gc8h8x,"Pacesetter Signs & Graphics, Inc"
868fzz6xf,Total SignWorks Ltd
868fz4qh6,Madison Sign Studios
868gdm2ny,Artisan Signworks
868etv1nj,Victory Sign Company
868gbtxn1,Kingdom Signs and Graphics
868gjm84p,Envision Orlando
868gdwv3j,Elite Custom Signs
868hncayz,First Impression Signs
868em2n7n,Livita
868fxe9tc,Genesis Signs & Graphics
868fxzjd8,SKY Custom Signs
868fzz570,Sign Resources NC Inc.
868g4zb78,Majestic Sign Studio
868g4zcwd,InceptionPoint Signworks
868g4znxt,Kingdom Signs and Graphics
868gek4v2,"Pacesetter Signs & Graphics, Inc"
868gcmpbr,City Beautiful Signs and Graphics
868gcmmry,Street Style Sign Studio
868gcmpgr,Sign Resources NC Inc.
868gbt28t,Unknown
868gcmrt8,Toronto Custom Signs
868gcmqr4,Unknown
868gcmpx0,Unknown
868gcmrjv,Jacksonville Signs & Graphics
868g6d8eu,SSK Signs
868g6db95,SSK Signs
868g6d9yq,SSK Signs
868g8fqrm,Celco/Celcook
868g6d5bg,SSK Signs
868g68u82,Amazing Signs
868g68u9d,Amazing Signs
868g68u9f,City Beautiful Signs and Graphics
868g68u9j,City Beautiful Signs and Graphics
868g68t8w,OC Sign Group
868g68tap,"Pacesetter Signs & Graphics, Inc"
868g68tdm,Blue Ocean Custom Signs
868g68tem,Total SignWorks Ltd
868gey05z,Pure Image Signs and Graphics
868gc3yck,Celco/Celcook
868geunt1,Alemba
868geuk5n,Artisan Signworks
868gbthqb,InceptionPoint Signworks
868gbu05c,VizComm Signage Group
868gc7q1d,Total SignWorks Ltd
868ggh572,SpeedPro - Boston North
868geuuu7,Rent a Son
868gc89rp,"LGL Sign Company, LLC"
868gc7m3w,Amazing Signs
868gc8g0z,First Impression Signs
868gbteyr,Livita
868gffz8e,SSK Signs
868gjam9c,Tadera
868gffjnr,Unknown
868gey3d9,Pure Image Signs and Graphics
868gcmj4t,Forerunner Signs & Graphics
868gc8c78,SKY Custom Signs
868gc7mwj,Street Style Sign Studio
868gcmj0p,Circle City Custom Signs
868gcmjdq,Genesis Signs & Graphics
868gb9cg8,Victory Sign Company
868gb9cc0,Kingdom Signs and Graphics
868gb9cpv,Madison Sign Studios
868gw08n7,InceptionPoint Signworks
868gw092g,SpeedPro - Dallas
868gw098g,SpeedPro - Fort Worth
868gw09x6,Signary Custom Signs and Graphics
868gw09hj,"LGL Sign Company, LLC"
868gz4z3m,All American Signs and Graphics
868gz4zwn,Touchstone Signs and Graphics
868gz50ce,SpeedPro - Fort Worth West
868gz8bx3,Baltimore Signsmiths
868gz8nz0,Louisville Custom Signs
868gyn6jh,Livita
868gyn7x0,Livita
868gyn6w0,Livita
868gyn7hw,Livita
868gxu811,Envision Orlando
868h30y6u,SSK Signs
868h317yq,Pure Image Signs and Graphics
868h2wea4,Blue Ocean Custom Signs
868h2wfx8,Excel SignWorks
868h2y6yt,OC Sign Group
868h2yfc0,Priority Signs & Graphics
868h31k35,Indy Sign Factory
868h315rt,Genesis Signs & Graphics
868h31b8k,SpeedPro - Addison
868h31dtx,SignScapes
868h31ff7,Super Custom Sign
868g68t6p,Excel SignWorks
868gtqw1c,Detroit Signs & Graphics
868h6k2rd,Collaborative Sign and Design Inc
868gb9bx1,Kingdom Signs and Graphics
868gz8u6j,Victory Sign Company
868gz8j97,Artisan Signworks
868hepdnw,SSK Signs
868hepau6,SSK Signs
868hwj8wg,Caliber Signs & Imaging
868hwj97b,Unknown
868hx91jk,Madison Sign Studios
868hx8a2x,Saltwater Signworks
868hx9qww,"Pacesetter Signs & Graphics, Inc"
868hdyhbu,Madison Sign Studios
868hhp7hc,Artisan Signworks
868hzd8jm,Genesis Signs & Graphics
868j29r2t,VizComm Signage Group
868hyqhgc,Unknown
868j2dg2v,Majestic Sign Studio
868j5cvq9,Global Signs & Graphics
868hyqg7u,Unknown
868hx9cpm,Total SignWorks Ltd
868hx99ay,Captivating Signs
868jbxjx6,Madison Sign Studios
868jbxhpa,Pure Image Signs and Graphics
868jbxfxw,Boston Signs and Graphics
868hx7r4y,Amazing Signs
868jbxe9v,Langstaff & Sloan Inc.
868jbxbzd,SKY Custom Signs
868jbxaft,Artisan Signworks
868jbx8g8,Louisville Custom Signs
868jk3y42,Genesis Signs & Graphics
868jk38e0,Blue Orbit Sign Studio
868jk3byk,SignScapes
868jk3em3,Amazing Signs
868jk3gc6,Captivating Signs
868jk3kbt,"Pacesetter Signs & Graphics, Inc"
868jk3nz6,Sign Resources NC Inc.
868jk3r3e,InceptionPoint Signworks
868epf6gh,Majestic Sign Studio
868gdynbd,Majestic Sign Studio
868h4pkpy,Alemba
868h5xq5p,Alemba
868h5xraw,Alemba
868hd65km,Celco/Celcook
868hhp61k,Tadera
868gbv22c,Caliber Signs & Imaging
868gc1868,Captivating Signs
868gdwv4g,Excel SignWorks
868gdwv7d,"LGL Sign Company, LLC"
868gdwv8r,Graphicworks Sign Company
868gdwv9y,OC Sign Group
868gdync5,InceptionPoint Signworks
868gdyngu,Kingdom Signs and Graphics
868gef7e0,Total SignWorks Ltd
868ggh57k,SpeedPro - Raleigh Clayton
868ggh58b,SpeedPro - Blountville
868gmjc9m,SSK Signs
868gnuk6p,Unknown
868gw8w4w,Signs Unlimited
868gw8w84,Southlake Signs Tampa
868h9kykh,Alemba
868juurpb,Celco/Celcook
868fzz6wa,InceptionPoint Signworks
868gdj31h,Amazing Signs
868gh0hrq,Boston Signs and Graphics
868gkq3e9,Toronto Custom Signs
868gu9m3m,SpeedPro - Greater San Diego
868gz91aq,Paragon Signs and Graphics
868gz958y,Boston Signs and Graphics
868gyn054,Super Custom Sign
868gnnbu6,SpeedPro - Greater San Diego
868h2ybzz,Collaborative Sign and Design Inc
868hepfc8,SSK Signs
868h9114e,Forerunner Signs & Graphics
868juuj7b,Louisville Custom Signs
868fv2y5a,"Pacesetter Signs & Graphics, Inc"
868gbv6vq,99signs
868gbv885,All American Signs and Graphics
868gcx7w4,Indy Sign Factory
868gd6fc6,Baltimore Signsmiths
868gdyqt9,Blue Orbit Sign Studio
868gdzh58,Collaborative Sign and Design Inc
868ge3epq,City Beautiful Signs and Graphics
868gegqgt,3 Sixty Sign Solutions
868gegt3p,Madison Sign Studios
868gg58kc,SpeedPro - Fort Worth West
868gh04jn,SpeedPro - Fort Worth West
868gky2xg,Street Style Sign Studio
868grp2h1,Street Style Sign Studio
868gxx79e,Unknown
868gymzdb,SpeedPro - Boca Raton
868gdzgd2,Lighthouse Sign Co.
868ge36pf,Caliber Signs & Imaging
868ge5nz7,Louisville Custom Signs
868geg8pb,Northeast Sign Company
868gek691,Unknown
868gff8bq,Sign Resources NC Inc.
868gff8eh,Unknown
868gff8hh,Unknown
868gx2ga8,SSK Signs
868gdd87f,First Impression Signs
868gddjdt,Fresh Coast Signs | Muskegon Signs
868gddj5e,Forerunner Signs & Graphics
868gdr4j5,Genesis Signs & Graphics
868gdr4vp,Georgetown Signs
868gdr4x9,Horizon Sign Solutions
868ge7e25,Igna Signs and Graphics
868ge7gen,Priority Signs & Graphics
868gegz9k,Pure Image Signs and Graphics
868gegzbd,QC Signs
868geub8e,Madison Sign Studios
868jwz1wm,Boston Signs and Graphics
868jwz403,Langstaff & Sloan Inc.
868jwz5m7,Madison Sign Studios
868jwz77c,Captivating Signs
868jwz7yn,Kingdom Signs and Graphics
868em1r2d,Touchstone Signs and Graphics
868heekpt,SpeedPro - Lake County
868f41cjp,Forerunner Signs & Graphics
868f4110a,Forerunner Signs & Graphics
868f416cv,Forerunner Signs & Graphics
868fxwhpv,Artisan Signworks
868g411a3,Victory Sign Company
868g411br,Space Age Closets
868g411ck,Madison Sign Studios
868g411d8,Kingdom Signs and Graphics
868g41563,OC Sign Group
868gbj8p2,Blue Ocean Custom Signs
868fbbrkh,Red Robin Masonry
868fbbqdc,Street Style Sign Studio
868exj3k3,SpeedPro - Boca Raton
868fq29ee,SKY Custom Signs
868gff7ep,SKY Custom Signs
868hayhn7,SpeedPro - Addison
868hayhq9,SpeedPro - Boca Raton
868hayj39,VizComm Signage Group
868hayhqv,SpeedPro - Boston North
868haygk4,Blackfire Signs
868j2a8vw,Unknown
868haygzc,Graphicworks Sign Company
868hayh0m,InceptionPoint Signworks
868j5da77,Clarity Signworks Inc
868haygv1,First Impression Signs
868jxthz7,Unknown
868hayh3d,Langstaff & Sloan Inc.
868hayh2w,Kingdom Signs and Graphics
868h92zy4,SpeedPro - Orlando
868jxhtjg,Louisville Custom Signs
868jxj987,Pure Image Signs and Graphics
868jxjbez,Pure Image Signs and Graphics
868jxjgxt,Pure Image Signs and Graphics
868jxk3j5,Louisville Custom Signs
868jmyt57,SpeedPro -  Dayton
868jmyt5h,SpeedPro - Columbus
868haygfx,Amazing Signs
868haygrk,Elite Custom Signs
868axkbt8,Caliber Signs & Imaging
868auj3u3,Artisan Signworks
868auj67p,Louisville Custom Signs
868aw5p99,Vision Visual
868c9j06m,Caliber Signs & Imaging
868c9j092,Caliber Signs & Imaging
868cex6by,Caliber Signs & Imaging
868c9jb08,Touchstone Signs and Graphics
868c9jazb,Touchstone Signs and Graphics
868br5m0m,Touchstone Signs and Graphics
868br5m02,Touchstone Signs and Graphics
868br5kzn,Touchstone Signs and Graphics
868br5kz1,Touchstone Signs and Graphics
868c9jj2v,Circle City Custom Signs
868bqmmx8,Igna Signs and Graphics
868c9jj2j,Circle City Custom Signs
868auq9v1,Igna Signs and Graphics
868crqe15,Touchstone Signs and Graphics
868crqe1d,Touchstone Signs and Graphics
868bdbktx,SpeedPro - Raleigh Clayton
868bdbkuc,SpeedPro - Raleigh Clayton
868bdbkv6,SpeedPro - Raleigh Clayton
868c9jmuj,SpeedPro - Raleigh Clayton
868c9jmuv,SpeedPro - Raleigh Clayton
868c9jmqk,SpeedPro - Orlando
868bd7y2v,SpeedPro - Boca Raton
868bd7y73,SpeedPro - Boston North
868bd7y6r,SpeedPro - Boston North
868crjw80,Circle City Custom Signs
868crjw7t,Circle City Custom Signs
868ckap32,All American Signs and Graphics
868axmqh3,Envision Orlando
868axmqhg,Envision Orlando
868d3ak61,Envision Orlando
868ckb7x7,Envision Orlando
868ckb7xm,Envision Orlando
868cnf75m,Artisan Signworks
868ckap30,All American Signs and Graphics
868axmpjc,All American Signs and Graphics
868cnf7ww,Louisville Custom Signs
868cnf7wv,Louisville Custom Signs
868cnf7wu,Louisville Custom Signs
868cnf7wt,Louisville Custom Signs
868cnf7r8,Dragon Taekwondo
868cnf75k,Artisan Signworks
868ckap3a,All American Signs and Graphics
868ckap3f,All American Signs and Graphics
868d392zy,All American Signs and Graphics
868d39313,All American Signs and Graphics
868awm5zv,All American Signs and Graphics
868cnf75g,Artisan Signworks
868d6tc2u,Circle City Custom Signs
868d6tbze,Circle City Custom Signs
868bqmmhu,Circle City Custom Signs
868d62tjt,Touchstone Signs and Graphics
868d62tkh,Touchstone Signs and Graphics
868b0hqbe,Lobby Signs Irvine (Caliber)
868cnf8an,Vital Sign Solutions
868cnf8aq,Vital Sign Solutions
868cnf8aw,Vital Sign Solutions
868cnf8az,Vital Sign Solutions
868cnf7wz,Dragon Taekwondo
868cy95a9,Artisan Signworks
868cy95ag,Artisan Signworks
868cy95ap,Artisan Signworks
868egy52p,Circle City Custom Signs
868egy536,Circle City Custom Signs
868d6tc11,Circle City Custom Signs
868d6tc3w,Circle City Custom Signs
868d6tc50,Circle City Custom Signs
868d6tc8z,Circle City Custom Signs
868d3ak5x,Envision Orlando
868etawkh,Vibrant Sign Studio
868etawkm,Vibrant Sign Studio
868f91kzp,Vibrant Sign Studio
868fc0r0d,Priority Signs & Graphics
868fc0rqa,Priority Signs & Graphics
868jmtu21,Priority Signs & Graphics
868jxy77j,First Impression Signs
868jxy8m5,First Impression Signs
868jxydz2,First Impression Signs
868jxyf6j,First Impression Signs
868jxz4fu,Horizon Sign Solutions
868jxzxet,Horizon Sign Solutions
868jy0rub,Touchstone Signs and Graphics
868jyh3mm,SpeedPro -  Dayton
868jy50dy,Saltwater Signworks
868jmtu1y,Priority Signs & Graphics
868jmqbxj,OC Sign Group
868jmndy1,Victory Sign Company
868jmne03,Vital Sign Solutions
868jmne3v,Vital Sign Solutions
868jmypax,Vibrant Sign Studio
868jycfd3,99signs
868haygt9,Envision Orlando
868jyhk41,Elite Custom Signs
868jyhk4m,Elite Custom Signs
868jyhk53,Elite Custom Signs
868jyjyt3,"Pacesetter Signs & Graphics, Inc"
868jyjyuc,"Pacesetter Signs & Graphics, Inc"
868jykjcp,"Pacesetter Signs & Graphics, Inc"
868jyn9yk,SpeedPro - Columbus
868jynx7d,SpeedPro - Columbus
868jyp561,SpeedPro - Columbus
868jyr1p9,SpeedPro - Fort Worth
868hayh39,"LGL Sign Company, LLC"
868hayhr7,SpeedPro - Columbus
868jykf8j,QC Signs
868jyng05,QC Signs
868jmncz3,Clarity Signworks Inc
868jpauk3,Caliber Signs & Imaging
868jymhcy,Vibrant Sign Studio
868haygyd,Georgetown Signs
868haygzy,Horizon Sign Solutions
868j5dcgr,ImageTEK Signs and Graphics LLC
868jz1xch,Touchstone Signs and Graphics
868jz25y5,Graphicworks Sign Company
868jz28c0,Graphicworks Sign Company
868jz2hqr,"LGL Sign Company, LLC"
868jz2xc3,Lighthouse Sign Co.
868jz2y1m,Lighthouse Sign Co.
868jz78hf,InceptionPoint Signworks
868haygkq,Boston Signs and Graphics
868hayht8,SpeedPro - Dallas
868hayhth,SpeedPro -  Dayton
868jz252w,Artisan Signworks
868jz2598,Artisan Signworks
868jz2670,SKY Custom Signs
868jz27pq,SKY Custom Signs
868jz2epk,Georgetown Signs
868jz2q5f,Fresh Coast Signs | Muskegon Signs
868jz2vmc,Fresh Coast Signs | Muskegon Signs
868jz3g7r,Saltwater Signworks
868hc7pr1,Major League Signs (Miami Signs)
868jz4ggj,Northeast Sign Company
868jz8gdd,InceptionPoint Signworks
868jmynxz,SpeedPro - Lake County
868jgez6p,ImageTEK Signs and Graphics LLC
868jxjeb6,Pure Image Signs and Graphics
868jxzpc8,Unknown
868jzgzzq,InceptionPoint Signworks
868jzu27q,SpeedPro - Fort Worth West
868jzxryn,"LGL Sign Company, LLC"
868hayhu2,SpeedPro - Fort Worth
868hayhug,SpeedPro - Fort Worth West
868hayhvg,SpeedPro - Lake County
868hayhw8,SpeedPro - Raleigh Clayton
868jmrpzu,GSO Signs (Greensboro)
868jmncyw,Clarity Signworks Inc
868jmtaa9,Graphicworks Sign Company
868jyneq9,SpeedPro - Columbus
868jzk0p9,Circle City Custom Signs
868jyp6uf,Vibrant Sign Studio
868jyp6jm,Vibrant Sign Studio
868jyp63a,Vibrant Sign Studio
868haygxp,Genesis Signs & Graphics
868j5ddrx,GSO Signs (Greensboro)
868h6pr29,Northeast Sign Company
868jkp3ng,SpeedPro - Raleigh Clayton
868haygh8,Baltimore Signsmiths
868hayh2n,Langstaff & Sloan Inc.
868hayh2b,Kingdom Signs and Graphics
868jceqcm,Louisville Custom Signs
868jzzmmu,Jacksonville Signs & Graphics
868jzzmne,Jacksonville Signs & Graphics
868jzz70g,Red Robin Masonry
868jzz7j4,Red Robin Masonry
868jzz7jx,Red Robin Masonry
868jkp3bz,Lighthouse Sign Co.
868jkp3dp,"LGL Sign Company, LLC"
868jpycnc,Redheaded Sign Company
868jpydnp,Redheaded Sign Company
868jzqnj8,Unknown
868hayh8p,OC Sign Group
868hayh9h,"Pacesetter Signs & Graphics, Inc"
868jy1117,Excel SignWorks
868k0hh1a,Sign Resources NC Inc.
868k0htar,Sign Resources NC Inc.
868jceq3a,99signs
868haygnb,Captivating Signs
868hayh4g,Lighthouse Sign Co.
868haygpa,City Beautiful Signs and Graphics
868k0edmg,Vital Sign Solutions
868k0m50z,SpeedPro - Fort Worth
868hayhbb,Priority Signs & Graphics
868hay6xf,Redheaded Sign Company
868hayhg7,Sign Resources NC Inc.
868k14vm3,Unknown
868k118d9,Sign Resources NC Inc.
868k12ren,Excel SignWorks
868k142aw,Excel SignWorks
868jx10y4,Gold Media
868jte9yr,Lighthouse Sign Co.
868hayh4x,Louisville Custom Signs
868hayhaf,Paragon Signs and Graphics
868k11acf,Redheaded Sign Company
868k11jnw,OC Sign Group
868k11jn1,OC Sign Group
868k11w02,ImageTEK Signs and Graphics LLC
868k11vx1,ImageTEK Signs and Graphics LLC
868k12ne3,GSO Signs (Greensboro)
868k12nfw,GSO Signs (Greensboro)
868k12vqg,Priority Signs & Graphics
868k12vv5,Priority Signs & Graphics
868jzzvqd,Celco/Celcook
868jzzvr4,Celco/Celcook
868jzzvtb,Celco/Celcook
868jpauxj,Caliber Signs & Imaging
868k0n7n7,3 Sixty Sign Solutions
868haygk1,Blue Orbit Sign Studio
868haygmh,Caliber Signs & Imaging
868k14ubn,OC Sign Group
868k1nttg,Chesapeake Signworks
868hayh5w,Madison Sign Studios
868jceq39,3 Sixty Sign Solutions
868k1ku4f,Georgetown Signs
868jm0w68,SpeedPro - Chicago Loop
868k0n875,Boston Signs and Graphics
868k0n7z9,Baltimore Signsmiths
868k0n7mk,3 Sixty Sign Solutions
868k0n7p3,3 Sixty Sign Solutions
868k0k14n,City Beautiful Signs and Graphics
868k0k15a,City Beautiful Signs and Graphics
868k1wjff,Genesis Signs & Graphics
868favwwv,Windy City Signs and Graphics
868hayj27,VizComm Signage Group
868k1vrkp,Total SignWorks Ltd
868k1vrpv,Total SignWorks Ltd
868jmrpzw,GSO Signs (Greensboro)
868k20tz1,Chesapeake Signworks
868hayhgy,Signs Unlimited
868hayhza,Touchstone Signs and Graphics
868jkp3c5,Lighthouse Sign Co.
868jmywn4,OC Sign Group
868hayh14,Indy Sign Factory
868jtuzzx,Super Custom Sign
868jtv01u,Super Custom Sign
868jtuzgv,Blue Orbit Sign Studio
868jtuzhw,Blue Orbit Sign Studio
868k13ajb,3 Sixty Sign Solutions
868k13b7j,3 Sixty Sign Solutions
868hayh6x,Majestic Sign Studio
868haygnw,Circle City Custom Signs
868k117h9,InceptionPoint Signworks
868k117ew,All American Signs and Graphics
868haygwq,Fresh Coast Signs | Muskegon Signs
868hayhmd,SpeedPro - Addison
868hayhn4,SpeedPro - Blountville
868hayj1e,Vital Sign Solutions
868k2nc5j,Louisville Custom Signs
868k2h4ee,Majestic Sign Studio
868k2h4g5,Majestic Sign Studio
868k2h8gw,VizComm Signage Group
868k2h8gz,VizComm Signage Group
868k2h9g7,Genesis Signs & Graphics
868k1r8jr,Unknown
868k1q0c9,Vibrant Sign Studio
868k0n7rj,99signs
868k0n7tt,99signs
868jmndnu,Southlake Signs Tampa
868jmndq2,Southlake Signs Tampa
868jmndpq,Southlake Signs Tampa
868k0m1cy,Horizon Sign Solutions
868k0m1m9,Horizon Sign Solutions
868k0m1w0,InceptionPoint Signworks
868hayhe4,Quad City
868hayhff,Saltwater Signworks
868hayhwk,SSK Signs
868k1q1ch,City Beautiful Signs and Graphics
868k114rt,City Beautiful Signs and Graphics
868jz2dar,Graphicworks Sign Company
868hayhjm,Southlake Signs Tampa
868hayhp8,SpeedPro - Boca Raton
868hayhq4,SpeedPro - Boston North
868hay6y6,SpeedPro - Greater San Diego
868jz3dtz,Saltwater Signworks
868k1atwb,Celco/Celcook
868k1atx6,Celco/Celcook
868jw1fuf,Elite Custom Signs
868jw1hre,Elite Custom Signs
868k0n81c,Baltimore Signsmiths
868k1vggv,Jacksonville Signs & Graphics
868k1vgbd,Forerunner Signs & Graphics
868k30bu1,Unknown
868k30cfc,Unknown
868k30cnc,Unknown
868k30czf,Unknown
868haygw1,Forerunner Signs & Graphics
868hayh1e,Jacksonville Signs & Graphics
868jzzwty,Horizon Sign Solutions
868k0zu15,Envision Orlando
868jz4twe,Northeast Sign Company
868k0n7uf,99signs
868k1vghd,Jacksonville Signs & Graphics
868k24990,Indy Sign Factory
868k36gkv,First Impression Signs
868k36gm8,First Impression Signs
868k32ar8,Amazing Signs
868k2272e,Caliber Signs & Imaging
868k22756,Caliber Signs & Imaging
868hayhbw,Pure Image Signs and Graphics
868hayhd2,QC Signs
868hayheg,Red Robin Masonry
868hayhhb,SignScapes
868hayhhu,SKY Custom Signs
868k0zu1a,Artisan Signworks
868k3xu6m,Elite Custom Signs
868k487b1,All American Signs and Graphics
868k487ed,All American Signs and Graphics
868k42bct,Majestic Sign Studio
868k249a0,Indy Sign Factory
868k249ef,SpeedPro - Addison
868k32b0w,Amazing Signs
868k32b60,Amazing Signs
868fnmgd3,Saltwater Signworks
868k2h9gz,Genesis Signs & Graphics
868k41nky,SpeedPro - Addison
868k41nu1,Circle City Custom Signs
868hayhyq,Total SignWorks Ltd
868hayj0n,Vibrant Sign Studio
868k4hh63,Envision Orlando
868k4hh6u,Envision Orlando
868k4hh7c,Envision Orlando
868hayhxm,Super Custom Sign
868k4n3p2,Georgetown Signs
868k1vh22,SpeedPro - Blountville
868k32bb0,Blue Ocean Custom Signs
868k0m1z8,InceptionPoint Signworks
868k32bbk,Blue Ocean Custom Signs
868k32bcj,Blue Ocean Custom Signs
868k32bdq,Blue Ocean Custom Signs
868jzzw3q,First Impression Signs
868jyhqhw,Celco/Celcook
868jceqhq,Unknown
868haygfd,99signs
868jceqhf,Red Robin Masonry
868hayhy3,Toronto Custom Signs
868favwtw,SpeedPro - Orlando
868k1au1a,Celco/Celcook
868k33fgx,Majestic Sign Studio
868k0n7w1,Artisan Signworks
868k0n7x2,Artisan Signworks
868k4fgac,Genesis Signs & Graphics
868jz58yt,Quad City
868k53nvt,Redheaded Sign Company
868k57awp,Redheaded Sign Company
868k58yvz,Redheaded Sign Company
868k59jh8,Redheaded Sign Company
868jceqn4,Unknown
868k63hua,Elite Custom Signs
868k5ru1b,Graphicworks Sign Company
868k51p50,The Auto Boutique
868k51p8w,The Auto Boutique
868k5k6y2,Toronto Custom Signs
868k5k6rn,Toronto Custom Signs
868k5kpm2,The Auto Boutique
868k1vfy8,Circle City Custom Signs
868k1vg4p,Circle City Custom Signs
868k0n8ct,Langstaff & Sloan Inc.
868k0n8dk,Louisville Custom Signs
868k3tzj7,Genesis Signs & Graphics
868k4fgt4,Northeast Sign Company
868k32kxg,Elite Custom Signs
868k32kzy,Elite Custom Signs
868k0ztuv,Momentm
868jceqft,Priority Signs & Graphics
868jceqak,Unknown
868hay6xp,SpeedPro - Chicago Loop
868k33fhd,Majestic Sign Studio
868k52thh,Quad City
868jvv7gk,Victory Sign Company
868k52uzr,Saltwater Signworks
868k530p3,Saltwater Signworks
868g6k039,Collaborative Sign and Design Inc
868k0zra9,Tadera
868jxnh1z,Circle City Custom Signs
868k117fu,"LGL Sign Company, LLC"
868k0zu18,Elite Custom Signs
868jcequ6,Vital Sign Solutions
868jznc6m,Clarity Signworks Inc
868jvytfd,Madison Sign Studios
868k52359,Pure Image Signs and Graphics
868k5246e,Pure Image Signs and Graphics
868jxjt6d,Louisville Custom Signs
868k55c0y,All American Signs and Graphics
868k55d6w,Windy City Signs and Graphics
868k56a3p,Windy City Signs and Graphics
868k5km4r,Toronto Custom Signs
868k778mq,Sign Resources NC Inc.
868k7c9zr,InceptionPoint Signworks
868jceq3u,All American Signs and Graphics
868jceq4e,Baltimore Signsmiths
868jceqe4,OC Sign Group
868k7q67d,Sign Resources NC Inc.
868k7w4v4,Excel SignWorks
868k55cd9,All American Signs and Graphics
868k7t1bu,City Beautiful Signs and Graphics
868k0kzjy,Graphicworks Sign Company
868k0kznc,Graphicworks Sign Company
868k36gt3,Graphicworks Sign Company
868k7ue2w,Unknown
868k7uage,Priority Signs & Graphics
868k0zu1e,Clarity Signworks Inc
